{
 "addnewfolder": {"value": "Ajouter un nouveau dossier"},
 "add_new_user": {"value": "Ajouter un nouvel utilisateur"},
 "add_share": {"value": "Ajouter un dossier"},
 "advanced": {"value": "Paramètres avancés"},
 "advanceddefault": {"value": "Navigation multimédia avancée"},
 "advanceddefaultcaption": {"value": "Un accès meilleur et plus rapide pour grandes bibliothèques"},
 "aggregate": {"value": "Regrouper"},
 "aggregatecaption": {"value": "Énumérer tous les éléments de contenu regroupés dans l’arborescence de navigation du serveur de regroupement sans copier les fichiers."},
 "aggregaterecommended": {"value": "Utilisateurs ayant plusieurs serveurs, étant toujours connectés et disponibles sur le réseau."},
 "aggregation": {"value": "Regroupement"},
 "aggregationcaption": {"value": "Lorsque le regroupement est activé, Twonky Server recueille des informations de tout autre serveur utilisant Twonky Server ou le lecteur Windows Media et présente tous les contenus multimédias de votre réseau sur un affichage complet. Cette fonction élimine le besoin d&rsquo;alterner entre différents serveurs lors de la recherche d&rsquo;éléments multimédia spécifiques. Twonky Server masque automatiquement les doublons."},
 "aggregationmode": {"value": "Mode de regroupement"},
 "aggregationmodecaption": {"value": "Mode par défaut pour les nouveaux serveurs."},
 "aggservers": {"value": "Serveurs de regroupement"},
 "aggserverscaption": {"value": "La liste ci-dessous énumère les Twonky Servers de votre réseau domestique qui recueillent des informations auprès d’autres serveurs afin de présenter une vue complète de tous les contenus multimédias disponibles. Pour protéger votre confidentialité, par défaut, ces serveurs de regroupement ne peuvent accéder au contenu multimédia partagé par ce serveur. Si votre contenu multimédia doit être visible dans la vue complète, vous devez octroyer un accès à un ou plusieurs serveurs de regroupement de la liste ci-dessous. "},
 "album": {"value": "Album :"},
 "allcontenttypes": {"value": "Tous les types de contenus"},
 "any": {"value": "Tout(e)"},
 "artist": {"value": "Artiste :"},
 "availableservers": {"value": "Serveurs disponibles"},
 "availableserverscaption": {"value": "Liste de serveurs de votre réseau domestique pouvant être regroupés par Twonky Server. Pour chaque serveur, vous devez sélectionner le type de contenu multimédia devant être regroupé, ainsi que le mode de regroupement."},
 "browse": {"value": "Parcourir"},
 "builddate": {"value": "Date de version du serveur"},
 "byfolder": {"value": "Par dossier"},
 "byfoldercaption": {"value": "Utilise votre structure de dossiers"},
 "cachemem": {"value": "Mémoire cache"},
 "cancel": {"value": "Annuler"},
 "cdkey": {"value": "Clé d’inscription"},
 "clearcache": {"value": "Effacer la mémoire cache"},
 "clearlogfile": {"value": "Effacer le fichier journal"},
 "clientreset": {"value": "L’actualisation de la liste de clients est en cours. Veuillez patienter."},
 "compilationcaption": {"value": "Énumérez les dossiers devant être traités à titre de compilation musicale. Utilisez des virgules pour séparer les dossiers."},
 "compilationdirs": {"value": "Dossiers de compilation"},
 "connect": {"value": "Suivez-nous"},
 "connectionissue": {"value": "Pour utiliser le serveur, vous devez conserver votre connexion Internet."},
 "copyright": {"value": "&copy; 2004-2014 PacketVideo Corporation. Tous droits réservés."},
 "days": {"value": "jours"},
 "daysremaining": {"value": "jours restants avant la fin de votre évaluation."},
 "delete": {"value": "Supprimer"},
 "detailedstatus": {"value": "Etat détaillé"},
 "dialog_admin_acc_could_not_update": {"value": "Impossible de mettre à jour le compte d’administrateur."},
 "dialog_delete_user": {"value": "La suppression de &quot;{0}&quot; définira un accès anonyme aux dossiers associés à &quot;{1}&quot;.. Si vous confirmez l’opération, la synchronisation de ces dossiers ne nécessitera aucune authentification."},
 "dialog_enter_alias_name": {"value": "Veuillez saisir un pseudonyme."},
 "dialog_enter_share_dir": {"value": "Veuillez saisir un répertoire."},
 "dialog_enter_valid_pw": {"value": "Veuillez saisir un mot de passe valide."},
 "dialog_enter_valid_un": {"value": "Veuillez saisir un nom d’utilisateur valide."},
 "dialog_failed_delete_share": {"value": "Impossible de supprimer le partage."},
 "dialog_failed_to_rem_usr_rights": {"value": "Impossible de supprimer les droits d’utilisateur."},
 "dialog_invalid_share_name_1": {"value": "Nom court non valide. Le nom court doit se composer d’un seul mot et ne peut avoir plusieurs &rsquo;{0}&rsquo;  entre les mots."},
 "dialog_invalid_share_name_2": {"value": "Nom court non valide. Le nom court doit se composer d’un seul mot et ne peut contenir de &rsquo;{0}&rsquo;."},
 "dialog_invalid_share_path": {"value": "Chemin d’accès non valide."},
 "dialog_portaldisassociatefree": {"value": "Déconnecter ce serveur de votre compte Twonky désactivera la fonctionnalité du serveur.</br></br>Voulez-vous vraiment déconnecter ce compte ?"},
 "dialog_portaldisassociatepremium": {"value": "Déconnecter ce serveur de votre compte Twonky supprimera certaines fonctions de votre serveur.</br></br>Voulez-vous vraiment déconnecter ce compte ?"},
 "dialog_reserve_user_name": {"value": "&quot;{0}&quot; ne peut être utilisé comme nom d’utilisateur."},
 "dialog_server_req_failed": {"value": "Impossible de récupérer des informations de Twonky Server."},
 "dialog_share_added_success": {"value": "Le dossier a été ajouté."},
 "dialog_user_add_success": {"value": "L’utilisateur a été ajouté."},
 "discardchanges": {"value": "Éliminer les modifications."},
 "enable": {"value": "Activer"},
 "enableaggregation": {"value": "Activer le regroupement"},
 "enablelogging": {"value": "Activer la journalisation"},
 "enablesharing": {"value": "Activer le partage automatique pour les nouveaux récepteurs multimédias."},
 "enter": {"value": "Entrée"},
 "enter_valid_pw": {"value": "Saisissez un mot de passe valide"},
 "enter_valid_un": {"value": "Saisissez un nom d’utilisateur valide"},
 "facebook": {"value": "Facebook"},
 "faqs": {"value": "FAQ"},
 "filesize": {"value": "Taille du fichier :"},
 "format": {"value": "Format :"},
 "freeserver": {"value": "Twonky"},
 "friendlyname": {"value": "Nom convivial"},
 "genre": {"value": "Genre :"},
 "gethelp": {"value": "Aide"},
 "helpCenter": {"value": "Centre d&rsquo;aide"},
 "here": {"value": "ici"},
 "hide": {"value": "Masquer"},
 "hours": {"value": "heures"},
 "ignore": {"value": "Ignorer"},
 "ignorecaption": {"value": "Ne rien faire avec un serveur nouvellement découvert."},
 "ignorerecommended": {"value": "Utilisateurs désirant définir différents paramètres pour chaque serveur de leur réseau."},
 "ignoresharedfolders": {"value": "Répertoires ignorés"},
 "ignoresharedfolderscaption": {"value": "Liste de répertoires (séparés par une virgule) ignorés durant les recherches de contenus (comparaison de chaines)."},
 "inminutes": {"value": "en minutes"},
 "ip": {"value": "IP"},
 "ipodlike": {"value": "Type iPod"},
 "ipodlikecaption": {"value": "Meilleur pour les personnes plus à l’aise avec une structure iPod"},
 "language": {"value": "Langue"},
 "languagecaption": {"value": "Utilisé pour les paramètres et l’arborescence de navigation"},
 "lastdbchange": {"value": "Dernière mise à jour de la base de données"},
 "license-201": {"value": "Clé non valide"},
 "license-202": {"value": "Il est impossible d’enregistrer Twonky Server avec une licence TwonkyMusic."},
 "license-203": {"value": "Cette clé n’est pas valide pour cette version du serveur."},
 "license-204": {"value": "Cette clé n’est pas valide pour cette version du serveur."},
 "license-205": {"value": "Cette clé est déjà en cours d’utilisation par une autre occurrence du serveur."},
 "license-206": {"value": "Votre version d&rsquo;évaluation a expiré. Si vous avez déjà saisi une clé de licence, essayez de redémarrer votre appareil utilisant Twonky Server."},
 "license1": {"value": "Version d’évaluation"},
 "license2": {"value": "Version Twonky Server"},
 "license3": {"value": "Version Twonky Server et TwonkyManager Lite"},
 "license4": {"value": "Version Twonky Server et TwonkyManager Full"},
 "licenseinfo": {"value": "Informations de licence"},
 "licensekey": {"value": "Clé de licence"},
 "licensekeycaption": {"value": "Pour activer ce logiciel, vous devez saisir une clé de licence appropriée. Si aucune clé de licence ne vous a été fournie, vous pouvez en obtenir une sur www.twonky.com."},
 "licensinginfo": {"value": "Informations de licence"},
 "local_folder": {"value": "Dossier local"},
 "local_syncfolder_desc": {"value": "<b>Dossier local :</b> Saisissez le chemin d’accès du dossier dans cet ordinateur. Par exemple, &quot;c:\\videos&quot;."},
 "loggedinas": {"value": "Vous avez ouvert une session comme"},
 "logging": {"value": "Journalisation"},
 "login": {"value": "Connexion"},
 "loginneededcaption": {"value": "Votre compte Twonky a été activé, mais vous n’êtes pas connecté(e)."},
 "mac": {"value": "MAC"},
 "mediareceivers": {"value": "Récepteurs multimédias"},
 "minutes": {"value": "minutes"},
 "mirror": {"value": "CopieAuto"},
 "mirrorcaption": {"value": "Crée des copies d’éléments de contenu se trouvant dans d’autres serveurs, qui sont ensuite enregistrées sur cet appareil afin que ces fichiers multimédias soient disponibles même lorsque le serveur d’origine n’est pas sur le réseau."},
 "mirrorrecommended": {"value": "Utilisateurs ayant des serveurs pouvant temporairement quitter le réseau, notamment un serveur sur un ordinateur portable ou sur un téléphone mobile. Grâce à cette option, les utilisateurs Twonky Mobile peuvent automatiquement copier des photos, des vidéos et de la musique de leur appareil Apple ou Android sur leur serveur domestique."},
 "mobile": {"value": "Mobile"},
 "mobileApps": {"value": "Applications mobiles"},
 "mobilecaption": {"value": "Meilleur pour les appareils mobiles"},
 "mpeglicense": {"value": "Technologie de codage audio MPEG Layer-3 sous licence de Fraunhofer IIS et Thomson."},
 "music": {"value": "Musique"},
 "myexperience": {"value": "Améliorer mon expérience"},
 "myexperience_desc": {"value": "Vous avez la possibilité de nous aider à améliorer votre expérience avec nos produits en permettant à ce produit Twonky de nous envoyer des informations sur la manière dont il est utilisé et sur les types d&rsquo;appareils dont vous disposez chez vous. Ces renseignements ne contiennent aucune information permettant de vous identifier ou d’identifier le contenu multimédia que vous lisez. PacketVideo ne partage ces informations avec aucune autre société, ces dernières n&rsquo;étant utilisées que sous forme résumée afin de proposer des produits de meilleure qualité.<br><br>La participation au programme &laquo; Commentaires d&rsquo;utilisateurs sur leur expérience &raquo; est libre. Vous pouvez choisir d&rsquo;y participer ou d&rsquo;arrêter votre participation à tout moment."},
 "mylibrary": {"value": "Ma bibliothèque"},
 "mytwonky.com": {"value": "Twonky.com"},
 "mytwonkyaccount": {"value": "compte Twonky"},
 "navtree": {"value": "Arborescence de navigation"},
 "navtreecaption": {"value": "Le paramètre suivant sera utilisé comme valeur par défaut pour tous les nouveaux récepteurs multimédias. Les valeurs individuelles de chaque récepteur multimédia peuvent être définies dans Partage – Récepteurs multimédias."},
 "navtype": {"value": "Type de navigation"},
 "networkinterfaces": {"value": "Interfaces de réseau"},
 "nicrestart": {"value": "Redémarrer lors de changements réseau"},
 "nicrestartcaption": {"value": "Activer/Désactiver le redémarrage dynamique du serveur lors de chaque changement réseau. À noter que le redémarrage du serveur entraînera une interruption du flux !"},
 "no": {"value": "Non"},
 "nomusic": {"value": "Aucune musique à afficher."},
 "nophotos": {"value": "Aucune photo à afficher."},
 "notchanged": {"value": "Certains de vos changements ne peuvent pas être enregistrés."},
 "novideos": {"value": "Aucune vidéo à afficher."},
 "no_syncfolders": {"value": "Vous n’avez sélectionné aucun dossier de ce serveur pour la synchronisation. Vous pouvez sélectionner les dossiers ci-dessous."},
 "no_user_added": {"value": "Aucun compte d’utilisateur n’a été créé pour la synchronisation. Pour en créer un, vous n’avez qu’à cliquer ci-dessous sur le bouton &quot;Ajouter un nouvel utilisateur&quot;."},
 "of": {"value": "de"},
 "ok": {"value": "OK"},
 "onlineservices": {"value":"Services en lignes"}, 
 "onlinesvcsunavailable": {"value": "Services en ligne momentanément indisponibles, veuillez réessayer ultérieurement."},
 "parentdir": {"value": "Dossier parent"},
 "password": {"value": "Mot de passe"},
 "photo": {"value": "Photo"},
 "photos": {"value": "Photos"},
 "play": {"value": "Lire"},
 "playbackbeamreportingcaption": {"value": "Améliorer mon expérience en autorisant à Twonky Server de partager des informations conformément à la Politique de confidentialité Twonky (Twonky Data Collection Policy)."},
 "pleaselogin": {"value": "S'il vous plaît visitez myTwonky"},
 "portalconnecting": {"value": "Vérification d’état en cours…"},
 "portaldisabled": {"value": "Portail désactivé"},
 "portaldisassociate": {"value": "Se déconnecter de ce compte"},
 "premiumserver": {"value": "Twonky Server Premium"},
 "receivertype": {"value": "Type de récepteur multimédia"},
 "recommendedfor": {"value": "Recommandé pour"},
 "registerserver": {"value": "Enregistrer le serveur"},
 "registrationoptional": {"value": "Enregistrer votre serveur"},
 "registrationoptionalcaption": {"value": "Votre Twonky Server a été installé, mais il n’est pas connecté à Services en lignes. Si vous l’enregistrez, vous aurez accès à un plus grand nombre de fonctions."},
 "registrationrequired": {"value": "Enregistrement nécessaire"},
 "registrationrequiredcaption": {"value": "Votre Twonky Server a été installé, mais il n’a pas été activé. Pour activer votre Twonky Server, veuillez-vous connecter ou enregistrez-vous sur myTwonky.com. Sans cet enregistrement, votre serveur ne sera pas opérationnel."},
 "reload_config": {"value": "Recharger la configuration"},
 "reload_failed": {"value": "Impossible de recharger. Veuillez essayer de nouveau plus tard."},
 "removablemedia": {"value": "Contenu multimédia amovible"},
 "removablemediacaption": {"value": "Si vous activez cette fonction, Twonky Server partagera automatiquement tous les fichiers multimédias d’un appareil multimédia amovible, comme une clé USB. Lorsque vous débrancherez l’appareil, les fichiers multimédias n’apparaîtront plus sur le serveur."},
 "renewlicense": {"value": "Vous devez visiter myTwonky.com dans {0} heures et {1} minutes pour renouveler votre licence."},
 "renewlicenseindays": {"value": "Vous devez visiter myTwonky.com dans les prochains {0} jours pour renouveler votre licence."},
 "rescancaption": {"value": "Cette option précise le comportement de nouvelle analyse du serveur. Si sa valeur est 0, les nouvelles analyses automatiques sont désactivées. Une valeur positive définit un intervalle, en minutes, entre les nouvelles analyses des dossiers de contenu. La valeur -1 permet au serveur de surveiller automatiquement les dossiers de contenu pour détecter l’arrivée de nouveau contenu sans que de nouvelles analyses soient nécessaires."},
 "rescancontent": {"value": "Relancer l&rsquo;analyse des dossiers de contenu"},
 "rescaninterval": {"value": "Intervalle de nouvelle analyse"},
 "resetdefaults": {"value": "Rétablir les valeurs par défaut"},
 "resetlist": {"value": "Réinitialiser la liste"},
 "resetprompt": {"value": "Rétablir toutes les valeurs par défaut des paramètres ? Cette opération ne pourra être annulée."},
 "restartpending": {"value": "Redémarrage du serveur en attente"},
 "restartprompt": {"value": "Veuillez prendre note que certaines modifications entreront en vigueur uniquement après le redémarrage d’un serveur.<br /><br />Désirez-vous exécuter un redémarrage maintenant ?"},
 "restartserver": {"value": "Redémarrer le serveur"},
 "rights": {"value": "Droits"},
 "rights_desc": {"value": "<b>Droits :</b> Vous pouvez définir des droits d’accès au dossier. Choisissez lecture et écriture ou lecture seulement."},
 "rmautoshare": {"value": "Partage automatique du contenu multimédia amovible"},
 "savechanges": {"value": "Enregistrer les modifications"},
 "saveprompt": {"value": "Vous avez fait des modifications qui n’ont pas été enregistrées. Souhaitez-vous enregistrer ou annuler ces modifications ?"},
 "seconds": {"value": "secondes"},
 "securedcaption": {"value": "Vous pouvez protéger les pages de paramètres de Twonky Server, ainsi que l’accès aux synchronisations, à l’aide d’un nom d’utilisateur et d’un mot de passe. "},
 "securedserversettings": {"value": "Paramètres de serveur protégés"},
 "select": {"value": "Sélectionner"},
 "selectfolder": {"value": "Sélectionner un dossier à partager"},
 "selectsyncfolder": {"value": "Sélectionner un dossier afin de le rendre disponible pour une synchronisation. "},
 "servermaintenance": {"value": "Maintenance du serveur"},
 "servername": {"value": "Nom du serveur"},
 "servernamecaption": {"value": "Pour vous assurer que votre lecteur multimédia affiche le nom de serveur correct, seuls les caractères suivants sont recommandés : lettres, chiffres, espaces, points et/ou virgules."},
 "serverrestarting": {"value": "Veuillez patienter pendant le redémarrage du serveur."},
 "serversettings": {"value": "Paramètres du serveur"},
 "server_build_date": {"value": "Date de version du serveur"},
 "settings": {"value": "Paramètres"},
 "setup": {"value": "Installation"},
 "sharedfolders": {"value": "Dossiers partagés"},
 "sharedfolderscaption": {"value": "Le contenu multimédia des dossiers ci-dessous sera à la disposition des autres appareils de votre réseau. Vous pouvez limiter les types de contenu multimédia pouvant être partagés dans chaque dossier. Si vous enlevez le crochet dans la case à gauche, vous interdisez l’accès au contenu multimédia de ce dossier. <br/><br/>Si un autre serveur de votre réseau a été configuré pour afficher le contenu multimédia de tous les serveurs en une collection, vous pouvez cocher la case à droite afin que le contenu multimédia de ce dossier soit disponible pour un regroupement. Si vous désirez des informations supplémentaires sur cette fonction, allez sur le menu de regroupement."},
 "shareforagg": {"value": "Disponible pour un regroupement"},
 "sharing": {"value": "Partage"},
 "sharingCaption": {"value": "Définir le contenu multimédia qui est partagé sur votre réseau local."},
 "show": {"value": "Afficher"},
 "simpledefault": {"value": "Navigation multimédia classique"},
 "simpledefaultcaption": {"value": "Suffisant pour les petites bibliothèques"},
 "songs": {"value": "Chansons"},
 "status": {"value": "État"},
 "status_desc": {"value": "Twonky permet de synchroniser sans fil le contenu de plusieurs appareils utilisant certaines applications Twonky. Vous devrez configurer les paramètres de synchronisation de chaque application Twonky utilisant cette fonction. Sur cette page, vous pouvez configurer les dossiers de cet appareil que vous désirez rendre disponibles pour des synchronisations. Pour compléter l’installation, vous devez configurer les paramètres de synchronisation de l’autre application, par exemple Twonky Mobile. Veuillez lire les instructions disponibles dans cette application. <br/><br/>Par défaut, tous les éléments de contenu multimédia se trouvant dans les sous-dossiers \\Twonky\\Sync, à l’intérieur des dossiers par défaut de musique, d’images et vidéo de l’utilisateur, seront automatiquement disponibles pour les synchronisations.<br/><br/>Vous pouvez personnaliser vos paramètres de synchronisation ci-dessous."},
 "syncfolders": {"value": "Dossiers accessibles pour une synchronisation"},
 "syncfolder_desc": {"value": "Sélectionner un dossier afin que le contenu de ce dossier soit disponible pour les applications de synchronisation."},
 "syncfolder_name": {"value": "Nom court"},
 "syncfolder_name_desc": {"value": "<b>nom court :</b> Le nom que vous utiliserez pour trouver le contenu de ce dossier avec votre application de synchronisation. Par exemple, &quot;Mes vidéos&quot;."},
 "syncfolder_new_share_info": {"value": "Saisir les informations pour sélectionner un nouveau dossier pour une synchronisation :"},
 "synchronization": {"value": "Synchronisation"},
 "syncurl": {"value": "Adresse URL du serveur de synchronisation"},
 "twitter": {"value": "Twitter"},
 "Twonky Server": {"value": "Twonky Server"},
 "Twonky Servertextpart2": {"value": "Special"},
 "twonky.com": {"value": "Twonky.com"},
 "twonkyforums": {"value": "Forum Twonky"},
 "update": {"value": "Mise à jour"},
 "uptime": {"value": "Durée d’activité du serveur"},
 "username": {"value": "Nom d’utilisateur"},
 "users": {"value": "Utilisateurs"},
 "users_desc": {"value": " Les comptes d&rsquo;utilisateur sont utilisés pour contrôler l&rsquo;accès aux fichiers disponibles pour des synchronisations. Vous devrez saisir un nom d&rsquo;utilisateur et un mot de passe pour que les applications puissent accéder à ces dossiers. Si la sécurité n’est pas une préoccupation, vous pouvez configurer un accès anonyme à ces dossiers et il ne sera pas nécessaire de saisir de nom d&rsquo;utilisateur ni de mot de passe."},
 "users_subdesc": {"value": "Ci-dessous, vous pouvez créer ou supprimer des comptes d’utilisateur. Pour supprimer un compte d’utilisateur existant, sélectionnez cet utilisateur dans la liste et cliquez sur &quot;Supprimer&quot;. Pour ajouter un nouveau compte d’utilisateur, cliquez sur le bouton &quot;Ajouter un nouvel utilisateur&quot;, puis saisissez le nom d’utilisateur et le mot de passe de votre choix."},
 "user_name_desc": {"value": "<b>Nom d’utilisateur :</b> Vous pouvez saisir un compte d’utilisateur unique afin de demander un nom d’utilisateur et un mot de passe pour protéger l’accès à votre contenu. Si vous désirez permettre un accès ouvert sans demander de nom d’utilisateur ni de mot de passe, sélectionnez &quot;N’importe qui&quot; dans la liste d’utilisateurs."},
 "version": {"value": "Version :"},
 "video": {"value": "Vidéo"},
 "videos": {"value": "Vidéos"},
 "view": {"value": "Afficher"},
 "viewlogfile": {"value": "Afficher le fichier journal"},
 "visit": {"value": "Visiter"},
 "wmdrmstatus": {"value": "État de Windows Media DRM"},
 "year": {"value": "Année :"},
 "yes": {"value": "Oui"},
 "youtube": {"value": "YouTube"},
 "btnCancel": {"value": "Annuler"},
 "btnOk": {"value": "OK"},
 "btnDone": {"value": "Terminé"},
 "btnRetry": {"value": "Réessayer"},
 "btnVerify": {"value": "Vérifier"},
 "btnNext": {"value": "Suivant"},
 "ActivateRequiredHeading": {"value": "Activer Roku pour le beaming"},
 "ActivateRequiredMsg1Paragraph1": {"value": "Pour activer la prise en charge du beaming, vous devez installer Twonky Channel sur votre lecteur Roku.  Ouvrez Roku sur votre téléviseur pour que nous puissions vous guider dans ce processus."},
 "ActivateRequiredMsg1Paragraph2": {"value": "Lorsque vous êtes prêt, appuyez sur Suivant. Vous devriez voir Roku Channel Store sur votre lecteur Roku s'ouvrir sur la page Twonky Channel."},
 "ActivateRequiredMsg2Paragraph1": {"value": "Veuillez installer Twonky Channel depuis Channel Store sur votre lecteur Roku."},
 "ActivateRequiredMsg2Paragraph2": {"value": "Une fois Twonky Channel installé sur votre lecteur Roku, appuyez sur Vérifier."},
 "ActivateSuccessHeading": {"value": "L'activation a réussi"},
 "ActivateSuccessMsg": {"value": "Félicitations ! Votre lecteur Roku est prêt pour le beaming."},
 "ActivateIncompleteHeading": {"value": "L'activation n'a pas été réussie"},
 "ActivateIncompleteMsg1": {"value": "L'activation de votre lecteur Roku a échoué. Votre lecteur Roku doit être activé pour prendre en charge le beaming."},
 "ActivateIncompleteMsg2": {"value": "L'activation de votre lecteur Roku a échoué. Veuillez sélectionner un autre appareil pour le beaming. Vous devez toujours livre votre contenu sur cet appareil en sélectionnant 'Cet appareil' comme appareil d'affichage."},
 "ActivateMediaroomRequiredMsg1Paragraph1": {"value": "Avant d’utiliser la fonction de diffusion, vous devez connecter votre appareil mobile au décodeur."},
 "ActivateMediaroomRequiredMsg1Paragraph2": {"value": "Votre décodeur doit être en mode connexion. Un code à quatre chiffres s’affiche sur l’écran de votre télévision."},
 "ActivateMediaroomRequiredMsg1Paragraph3": {"value": "Vérifiez que le nom du décodeur affiché sur l’écran de la télévision est le même que celui susmentionné. Si ce n’est pas le cas, cliquez sur Annuler. Modifiez votre choix en sélectionnant le bon appareil."},
 "ActivateMediaroomRequiredMsg1Paragraph4": {"value": "Tapez ensuite le code à quatre chiffres affiché sur l’écran de votre télévision. L’appareil mobile est maintenant connecté au décodeur. Vous pouvez renommer votre décodeur pour le reconnaître plus facilement."},
 "ActivateMediaroomIncompleteHeading": {"value": "Code PIN erroné"},
 "ActivateMediaroomIncompleteMsg1": {"value": "Le code à quatre chiffres saisi est incorrect."},
 "ActivateMediaroomSuccessHeading": {"value": "Connexion réussie"},
 "ActivateMediaroomSuccessMsg": {"value": "Félicitations! Votre décodeur est prête pour la diffusion sur la télé."},
 "accesstoshares": {"value": "Accorder l'accès aux partages"},
 "actions": {"value": "Actions"},
 "adduser": {"value": "Ajouter un utilisateur"},
 "admin": {"value": "admin"},
 "allshares": {"value": "Tous"},
 "beamoradd": {"value": "Mettre en file d'attente les éléments à transmettre"},
 "beamtodevice": {"value": "transmettre vers le dispositif sélectionné"},
 "beamtodevice2": {"value": "Transmettre vers le dispositif sélectionné"},
 "btnPrevious": {"value": "Précédent"},
 "cannotbeam": {"value": "Impossible de transmettre vers le dispositif"},
 "changepassword": {"value": "Modifier le mot de passe"},
 "clearqueue": {"value": "Effacer la file d'attente"},
 "closelocaldevicebox": {"value": "Fermer"},
 "configuredevices": {"value": "Affecter un utilisateur par défaut aux dispositifs connectés"},
 "containerisempty": {"value": "Le conteneur est vide."},
 "defaultuser": {"value": "Utilisateur par défaut"},
 "deletefromqueue": {"value": "Supprimer de la file d'attente"},
 "deletequeue": {"value": "Supprimer la file d'attente"},
 "deleteuser": {"value": "Supprimer l'utilisateur"},
 "devicename": {"value": "Nom du dispositif"},
 "devicesettings": {"value": "Paramètres du dispositif"},
 "enabledisableaggserver": {"value": "activer/désactiver l'agrégation du serveur"},
 "enabledisabledevice": {"value": "activer/désactiver le dispositif"},
 "enabledisableshare": {"value": "activer/désactiver le partage"},
 "enablemultiusersupport": {"value": "Activer Multi-utilisateur"},
 "guest": {"value": "guest"},
 "issue": {"value": "Problème"},
 "localdevice": {"value": "Dispositif local"},
 "loginfailed": {"value": "Erreur : "},
 "logintext": {"value": "Veuillez entrer vos identifiants pour accéder au serveur : "},
 "logout": {"value": "Déconnexion"},
 "more": {"value": "suite"},
 "multiusercaption": {"value": "Cette fonction permet d'affecter des droits d'accès individuels aux utilisateurs domestiques et aux invités, ainsi qu'aux récepteurs multimédia connectés, y compris les dispositifs mobiles."},
 "multiuserenabledsecuretext": {"value": "Veuillez modifier le mot de passe &quot;admin&quot; dans l'onglet &quot;Multi-utilisateur&quot;."},
 "multiusersecurity": {"value": "Sécurité"},
 "multiusersupport": {"value": "Multi-utilisateur"},
 "multiusersupportpassword": {"value": "Deux comptes sont prédéfinis, à savoir &quot;admin&quot; et &quot;guest&quot;. Seul le compte &quot;admin&quot; peut accéder aux pages des paramètres de Twonky Server et gérer les comptes. Veuillez noter que ce compte supplante le nom d'utilisateur et le mot de passe que vous avez éventuellement créés dans l'onglet &quot;Avancé&quot;. Par définition, le compte &quot;admin&quot; dispose toujours d'un accès complet à l'ensemble des partages. N'oubliez pas de modifier le mot de passe du compte &quot;admin&quot; ci-dessous au terme de la configuration initiale. Le compte &quot;guest&quot; n'est pas protégé par mot de passe."},
 "multiusersupportsettings": {"value": "Compte &quot;admin&quot;"},
 "multiuserusehttps": {"value": "Activer https"},
 "multiuserusehttpscaption": {"value": "Veuillez remarquer que l'activation de https entraîne l'affichage d'avertissements de sécurité par le navigateur si aucun certificat auto-signé n'est installé."},
 "musauthfailed": {"value": "L'authentification a échoué."},
 "musdisablemessage": {"value": "Veuillez remarquer que le nom d'utilisateur et le mot de passe des pages de paramètres demeurent effectifs après désactivation du mode multi-utilisateur.<br>Vous pouvez les supprimer dans l'onglet &quot;Avancé&quot;.<br><br>Twonky Server doit maintenant redémarrer."},
 "mussaveerror": {"value": "Certaines modifications n'ont pas pu être enregistrées."},
 "navtreeaddview": {"value": "enregistrer mon arborescence"},
 "navtreebuilder": {"value": "Créateur d'arborescence de navigation"},
 "navtreebuildercaption": {"value": "Vous pouvez créer vos propres arborescences de navigation en plus des 5 prédéfinies qui sont fournies avec Twonky Server. Vous pouvez sélectionner n'importe quelle combinaison de nœuds de musique, de photos et de vidéos dans la liste ci-dessous. Vous pouvez créer votre propre arborescence ou sélectionner une arborescence prédéfinie, sur la droite, et la modifier. Quand vous avez terminé d'activer/désactiver les nœuds, vous devez saisir le nom de la nouvelle arborescence et l'enregistrer. S'il existe déjà une arborescence qui porte ce nom, elle est remplacée par la nouvelle."},
 "navtreeclearall": {"value": "Désactiver tout"},
 "navtreedeleteview": {"value": "Supprimer cette arborescence"},
 "navtreenameerror": {"value": "Les arborescences prédéfinies ne peuvent pas être modifiées. Veuillez sélectionner un autre nom."},
 "navtreenonodeserror": {"value": "Votre arborescence de navigation ne possède aucun nœud. Veuillez activer au moins un nœud."},
 "navtreesaveas": {"value": "Nom de mon arborescence :"},
 "navtreetemplatedefault": {"value": "Arborescences prédéfinies"},
 "navtreetemplateuser": {"value": "Mes arborescences"},
 "newpassword": {"value": "Nouveau mot de passe"},
 "oldpassword": {"value": "Ancien mot de passe"},
 "playcontainererror": {"value": "Impossible d'obtenir les éléments."},
 "queueonoff": {"value": "Activer/désactiver la file d'attente"},
 "shareaggclient": {"value": "Agrégation des clients"},
 "specialcharacterinname": {"value": "Aucun caractère spécial n'est autorisé dans le nom."},
 "stop": {"value": "Arrêter"},
 "tryotherplayer": {"value": "Essayez d'ouvrir le contenu multimédia dans une nouvelle fenêtre du navigateur à l'aide d'un autre lecteur."},
 "userexists": {"value": "L'utilisateur existe déjà."},
 "userlist": {"value": "Gestion des utilisateurs"},
 "userlistcaption": {"value": "Ici, vous pouvez ajouter des utilisateurs ou supprimer des utilisateurs existants, ainsi que modifier des mots de passe et des droits d'accès. Vous pouvez aussi affecter un utilisateur par défaut à un dispositif connecté. Si le dispositif connecté ne procède à aucune authentification, les droits d'accès de l'utilisateur par défaut sont appliqués."}
}