{
 "addnewfolder": {"value": "Aggiungi cartella"},
 "add_new_user": {"value": "Aggiungi utente"},
 "add_share": {"value": "Aggiungi cartella"},
 "advanced": {"value": "Avanzate"},
 "advanceddefault": {"value": "Navigazione media avanzata"},
 "advanceddefaultcaption": {"value": "Accesso migliore e più veloce alle librerie grandi"},
 "aggregate": {"value": "Aggrega"},
 "aggregatecaption": {"value": "Elenco di tutto il contenuto aggregato nella struttura di navigazione del server senza copiare i file."},
 "aggregaterecommended": {"value": "Utenti con più server sempre connessi e disponibili in rete."},
 "aggregation": {"value": "Aggregazione"},
 "aggregationcaption": {"value": "Se è abilitata Aggregazione, Twonky Server raccoglie le informazioni da tutti i dispositivi che eseguono Twonky Server o Windows Media Player e presenta tutti i media disponibili sulla rete in una vista riassuntiva. In questo modo si evita di dover passare da un server a un altro quando si cercano particolari contenuti multimediali. Twonky Server nasconderà automaticamente i duplicati."},
 "aggregationmode": {"value": "Modalità di aggregazione"},
 "aggregationmodecaption": {"value": "Modalità predefinita per i nuovi server rilevati."},
 "aggservers": {"value": "Server di aggregazione"},
 "aggserverscaption": {"value": "Segue un elenco dei Twonky Servers sulla rete locale che raccoglie le informazioni da tutti i server per fornire una vista riassuntiva di tutti i media disponibili. Per tutelare la privacy, questi server di aggregazione non possono accedere ai media condivisi dal server. Per rendere visibili i media nella vista riassuntiva, concedere l&rsquo;accesso a uno o più server di aggregazione elencati di seguito. "},
 "album": {"value": "Album:"},
 "allcontenttypes": {"value": "Tutti i tipi di contenuto"},
 "any": {"value": "Generico"},
 "artist": {"value": "Artista:"},
 "availableservers": {"value": "Server disponibili"},
 "availableserverscaption": {"value": "Elenco dei server sulla rete locale che Twonky Server può aggregare. Per ogni server, è possibile selezionare il tipo di media da aggregare e la modalità di aggregazione."},
 "browse": {"value": "Sfoglia"},
 "builddate": {"value": "Data di creazione del server"},
 "byfolder": {"value": "Per cartella"},
 "byfoldercaption": {"value": "Usa la struttura delle cartelle"},
 "cachemem": {"value": "Memoria occupata"},
 "cancel": {"value": "Annulla"},
 "cdkey": {"value": "Codice di licenza"},
 "clearcache": {"value": "Cancella cache"},
 "clearlogfile": {"value": "Cancella file di registro"},
 "clientreset": {"value": "Attendere che si concluda la rigenerazione dell&rsquo;elenco dei client."},
 "compilationcaption": {"value": "Elencare tutte le cartelle da considerare come compilazioni. Separare le cartelle con la virgola."},
 "compilationdirs": {"value": "Cartelle delle compilazioni"},
 "connect": {"value": "Seguici"},
 "connectionissue": {"value": "Mantieni la connessione per Internet utilizzare il server."},
 "copyright": {"value": "&copy; 2004-2014 PacketVideo Corporation. Tutti i diritti riservati."},
 "days": {"value": "giorni"},
 "daysremaining": {"value": "giorni restanti in prova."},
 "delete": {"value": "Elimina"},
 "detailedstatus": {"value": "Dettagli stato"},
 "dialog_admin_acc_could_not_update": {"value": "Impossibile aggiornare l&rsquo;account admin."},
 "dialog_delete_user": {"value": "L&rsquo;eliminazione di &quot;{0}&quot; imposterà l&rsquo;accesso anonimo per le cartelle associate a &quot;{1}&quot;. Se si conferma, il sync di queste cartelle non richiederà autenticazione."},
 "dialog_enter_alias_name": {"value": "Inserire un alias."},
 "dialog_enter_share_dir": {"value": "Inserire la cartella."},
 "dialog_enter_valid_pw": {"value": "Immettere una password valida."},
 "dialog_enter_valid_un": {"value": "Immettere un nome utente valido."},
 "dialog_failed_delete_share": {"value": "Impossibile eliminare la cartella condivisa."},
 "dialog_failed_to_rem_usr_rights": {"value": "Impossibile eliminare i diritti dell&rsquo;utente."},
 "dialog_invalid_share_name_1": {"value": "Nome breve non valido. Il nome deve essere una sola parola e non può contenere &rsquo;{0}&rsquo;."},
 "dialog_invalid_share_name_2": {"value": "Nome breve non valido. Il nome deve essere una sola parola e non può contenere &rsquo;{0}&rsquo;."},
 "dialog_invalid_share_path": {"value": "Percorso non valido."},
 "dialog_portaldisassociatefree": {"value": "La disconnessione del server dall&rsquo;account Twonky disabiliterà la funzionalità del server.</br></br>Disconnettere questo account?"},
 "dialog_portaldisassociatepremium": {"value": "La disconnessione del server dall&rsquo;account Twonky eliminerà alcune funzionalità dal server.</br></br>Disconnettere questo account?"},
 "dialog_reserve_user_name": {"value": "Impossibile usare &quot;{0}&quot; come nome utente."},
 "dialog_server_req_failed": {"value": "Impossibile richiamare le informazioni da Twonky Server."},
 "dialog_share_added_success": {"value": "Cartella aggiunta."},
 "dialog_user_add_success": {"value": "Utente aggiunto."},
 "discardchanges": {"value": "Elimina modifiche"},
 "enable": {"value": "Attiva"},
 "enableaggregation": {"value": "Attiva aggregazione"},
 "enablelogging": {"value": "Attiva registro"},
 "enablesharing": {"value": "Attiva la condivisione automatica di nuove periferiche media"},
 "enter": {"value": "Immettere"},
 "enter_valid_pw": {"value": "Immettere una password valida"},
 "enter_valid_un": {"value": "Immettere un nome utente valido"},
 "facebook": {"value": "Facebook"},
 "faqs": {"value": "Domande frequenti"},
 "filesize": {"value": "Dimensioni file:"},
 "format": {"value": "Formato:"},
 "freeserver": {"value": "Twonky"},
 "friendlyname": {"value": "Nickname"},
 "genre": {"value": "Genere:"},
 "gethelp": {"value": "Guida in linea"},
 "helpCenter": {"value": "Centro di assistenza al cliente"},
 "here": {"value": "qui"},
 "hide": {"value": "Nascondi"},
 "hours": {"value": "ore"},
 "ignore": {"value": "Ignora"},
 "ignorecaption": {"value": "Nessuna azione per i nuovi server rilevati."},
 "ignorerecommended": {"value": "Utenti che desiderano impostazioni diversi per ogni server in rete."},
 "ignoresharedfolders": {"value": "Directory da ignorare"},
 "ignoresharedfolderscaption": {"value": "Lista separata da virgole di directory il cui contenuto deve essere ignorato durante la ricerca di file multimediali (sono sufficienti testi parziali)."},
 "inminutes": {"value": "in minuti"},
 "ip": {"value": "IP"},
 "ipodlike": {"value": "Tipo iPod"},
 "ipodlikecaption": {"value": "Migliore per chi conosce la struttura iPod"},
 "language": {"value": "Lingua"},
 "languagecaption": {"value": "Usato per le impostazioni e la struttura di navigazione"},
 "lastdbchange": {"value": "Ultimo aggiornamento database"},
 "license-201": {"value": "Codice non valido."},
 "license-202": {"value": "Impossibile registrare Twonky Server con una licenza per TwonkyMusic."},
 "license-203": {"value": "Codice di licenza non valido per questa versione del server."},
 "license-204": {"value": "Codice di licenza non valido per questa versione del server."},
 "license-205": {"value": "Codice di licenza già attivato."},
 "license-206": {"value": "La versione di prova è scaduta. Se era già stato inserito un codice di licenza, provare a riavviare il dispositivo che esegue Twonky Server."},
 "license1": {"value": "Versione di prova"},
 "license2": {"value": "Versione Twonky Server"},
 "license3": {"value": "Versione Twonky Server e TwonkyManager Lite"},
 "license4": {"value": "Versione Twonky Server e TwonkyManager Full"},
 "licenseinfo": {"value": "Informazioni sulla licenza"},
 "licensekey": {"value": "Codice di licenza"},
 "licensekeycaption": {"value": "Immettere il codice di licenza per attivare il software. Se la licenza non è disponibile, richiederla su www.twonky.com."},
 "licensinginfo": {"value": "Informazioni sulla licenza"},
 "local_folder": {"value": "Cartella locale"},
 "local_syncfolder_desc": {"value": "<b>Cartella locale:</b> immettere il percorso della cartella sul computer. Ad esempio, &quot;c:\\videos&quot;."},
 "loggedinas": {"value": "Utente connesso con il nome"},
 "logging": {"value": "Accesso in corso"},
 "login": {"value": "Accedi"},
 "loginneededcaption": {"value": "L&rsquo;account Twonky è attivato ma l&rsquo;accesso non è stato eseguito."},
 "mac": {"value": "MAC"},
 "mediareceivers": {"value": "Periferiche media"},
 "minutes": {"value": "minuti"},
 "mirror": {"value": "Copia automatica"},
 "mirrorcaption": {"value": "Crea copie del contenuto da altri server e le memorizza su questo dispositivo perché siano disponibili anche quando l&rsquo;altro server non è connesso in rete."},
 "mirrorrecommended": {"value": "Utenti con server che potrebbero essere temporaneamente disconnessi dalla rete, ad esempio un server su laptop o dispositivo mobile. Con questa opzione gli utenti di Twonky Mobile possono copiare automaticamente foto, video e musica dal dispositivo Apple o Android sul server locale."},
 "mobile": {"value": "Mobile"},
 "mobileApps": {"value": "App mobili"},
 "mobilecaption": {"value": "Migliore per dispositivi mobili"},
 "mpeglicense": {"value": "Tecnologia di codifica audio MPEG Layer-3 in licenza da Fraunhofer IIS e Thomson."},
 "music": {"value": "Musica"},
 "myexperience": {"value": "Migliora la mia esperienza"},
 "myexperience_desc": {"value": "Puoi aiutarci a migliorare la tua esperienza con i nostri prodotti consentendo a questo prodotto Twonky di inviarci automaticamente le informazioni sul suo utilizzo e sui tipi di dispositivi che possiedi in casa. Questi dati non contengono informazioni identificabili sull&rsquo;utente o sui media utilizzati. PacketVideo non condivide queste informazioni con altre società e le utilizza internamente in forma aggregata al solo scopo di migliorare i nostri prodotti.<br><br>La partecipazione al programma di feedback clienti è volontaria. Puoi decidere di partecipare o di ritirarti dalla partecipazione in qualsiasi momento."},
 "mylibrary": {"value": "Libreria personale"},
 "mytwonky.com": {"value": "Twonky.com"},
 "mytwonkyaccount": {"value": "Account Twonky"},
 "navtree": {"value": "Struttura di navigazione"},
 "navtreecaption": {"value": "L&rsquo;impostazione seguente è predefinita per tutte le nuove periferiche media. I singoli valori di ogni periferica possono essere impostati in Condivisione - Periferiche media."},
 "navtype": {"value": "Tipo di navigazione"},
 "networkinterfaces": {"value": "Interfacce di rete"},
 "nicrestart": {"value": "Riavvia con modifiche NIC"},
 "nicrestartcaption": {"value": "Abilitare/disabilitare il riavvio dinamico del server ad ogni modifica NIC. Il riavvio del server causerà un&rsquo;interruzione nello streaming."},
 "no": {"value": "No"},
 "nomusic": {"value": "Nessun brano da visualizzare."},
 "nophotos": {"value": "Nessuna foto da visualizzare."},
 "notchanged": {"value": "Alcune delle modifiche non sono state salvate."},
 "novideos": {"value": "Nessun video da visualizzare."},
 "no_syncfolders": {"value": "Non sono state selezionate cartelle per il sync su questo server. Selezionare le cartelle di seguito."},
 "no_user_added": {"value": "Non è stato creato un account utente per il sync. Fare clic su the &quot;Aggiungi utente&quot; per crearne uno."},
 "of": {"value": "di"},
 "ok": {"value": "OK"},
 "onlineservices": {"value":"Servizi Online"},
 "onlinesvcsunavailable": {"value": "Servizi Online momentaneamente indisponibili, si prega di riprovare più tardi."},
 "parentdir": {"value": "Cartella principale"},
 "password": {"value": "Password"},
 "photo": {"value": "Foto"},
 "photos": {"value": "Foto"},
 "play": {"value": "Riproduci"},
 "playbackbeamreportingcaption": {"value": "Ottimizza la mia esperienza d&rsquo;uso consentendo a Twonky Server di condividere informazioni in base all&rsquo;Informativa sulla privacy di Twonky (Twonky Data Collection Policy)."},
 "pleaselogin": {"value": "Si prega di visitare myTwonky"},
 "portalconnecting": {"value": "Controllo dello stato in corso..."},
 "portaldisabled": {"value": "Portale disabilitato"},
 "portaldisassociate": {"value": "Disconnetti da questo account"},
 "premiumserver": {"value": "Twonky Server Premium"},
 "receivertype": {"value": "Tipo di periferica media"},
 "recommendedfor": {"value": "Consigliato per"},
 "registerserver": {"value": "Registra server"},
 "registrationoptional": {"value": "Registra il server"},
 "registrationoptionalcaption": {"value": "Twonky Server è installato ma non è connesso a Servizi Online. Registrarlo per accedere ad altre funzioni."},
 "registrationrequired": {"value": "Registrazione necessaria"},
 "registrationrequiredcaption": {"value": "Twonky Server è installato ma non è attivato. Per attivarlo, accedere o registrarsi su myTwonky.com. Senza la registrazione, il server non funzionerà."},
 "reload_config": {"value": "Ricarica configurazione"},
 "reload_failed": {"value": "Impossibile ricaricare. Riprovare più avanti."},
 "removablemedia": {"value": "Media rimovibili"},
 "removablemediacaption": {"value": "Attivando questa funzione Twonky Server condividerà automaticamente tutti i file multimediali da un dispositivo rimovibile, come una chiavetta USB. Quando si scollega il dispositivo, i file scompariranno dal server."},
 "renewlicense": {"value": "Visitare myTwonky.com fra {0} ore e {1} minuti per rinnovare la licenza."},
 "renewlicenseindays": {"value": "Visitare myTwonky.com fra {0} giorni per rinnovare la licenza."},
 "rescancaption": {"value": "Questa opzione specifica il comportamento di riesame del server. Se è impostato a 0, la procedura è disabilitata. Un valore positivo indica il periodo tra due riesami del contenuto, in minuti. -1 consente al server di rilevare automaticamente il nuovo contenuto senza bisogno di un riesame."},
 "rescancontent": {"value": "Rigenera cartelle di contenuto"},
 "rescaninterval": {"value": "Intervallo riesame"},
 "resetdefaults": {"value": "Ripristina impostazioni predefinite"},
 "resetlist": {"value": "Azzera elenco"},
 "resetprompt": {"value": "Ripristinare tutte le impostazioni predefinite? L&rsquo;operazione non può essere annullata."},
 "restartpending": {"value": "Riavvio del server imminente"},
 "restartprompt": {"value": "Alcune delle modifiche applicate diventeranno effettive solo dopo il riavvio del server.<br /><br />Riavviarlo ora?"},
 "restartserver": {"value": "Riavvia server"},
 "rights": {"value": "Diritti"},
 "rights_desc": {"value": "<b>Diritti:</b> è possibile impostare i diritti di accesso alla cartella. Scegliere tra accesso in lettura e scrittura o in sola lettura."},
 "rmautoshare": {"value": "Condivisione automatica media rimovibili"},
 "savechanges": {"value": "Salva modifiche"},
 "saveprompt": {"value": "Alcune modifiche apportate non sono state salvate. Salvare o eliminare le modifiche?"},
 "seconds": {"value": "secondi"},
 "securedcaption": {"value": "È possibile proteggere le pagine delle impostazioni di Twonky Server, così come l&rsquo;accesso al sync, con un nome utente e una password."},
 "securedserversettings": {"value": "Impostazioni server protette"},
 "select": {"value": "Seleziona"},
 "selectfolder": {"value": "Selezionare una cartella da condividere"},
 "selectsyncfolder": {"value": "Selezionare una cartella da rendere accessibile per il sync. "},
 "servermaintenance": {"value": "Manutenzione del server"},
 "servername": {"value": "Nome server"},
 "servernamecaption": {"value": "Per essere certi che il lettore multimediale visualizzi il nome corretto del server, includere soltanto i caratteri seguenti: lettere, numeri, spazi, punti e/o virgole."},
 "serverrestarting": {"value": "Attendere che il server si riavvii."},
 "serversettings": {"value": "Impostazioni server"},
 "server_build_date": {"value": "Data di creazione del server"},
 "settings": {"value": "Impostazioni"},
 "setup": {"value": "Impostazione"},
 "sharedfolders": {"value": "Cartelle condivise"},
 "sharedfolderscaption": {"value": "I media nelle cartelle seguenti saranno disponibili ad altri disponibili in rete. È possibile limitare i tipi di media da condividere in ciascuna cartella deselezionando la casella a sinistra per disabilitarne l&rsquo;accesso. <br/><br/>Se è presente un altro server in rete, impostato per la visualizzazione dei media da tutti i server in una raccolta, selezionando la casella a destra i media in tale cartella saranno disponibile per l&rsquo;aggregazione. Per ulteriori informazioni su questa funzione, vedere il menu Aggregazione."},
 "shareforagg": {"value": "Disponibili per l&rsquo;aggregazione"},
 "sharing": {"value": "Condivisione"},
 "sharingCaption": {"value": "Definire i media condivisi sulla rete locale."},
 "show": {"value": "Mostra"},
 "simpledefault": {"value": "Navigazione media classica"},
 "simpledefaultcaption": {"value": "Sufficiente per le librerie piccole"},
 "songs": {"value": "Brani"},
 "status": {"value": "Stato"},
 "status_desc": {"value": "Twonky consente di sincronizzare il contenuto in wireless tra dispositivi che eseguono specifiche applicazioni Twonky. È necessario configurare le impostazioni di sync in ogni applicazione Twonky con questa funzione. Nella pagina, impostare le cartelle su questo dispositivo da rendere accessibili per il sync. Per completare l&rsquo;impostazione, configurare le impostazioni sync nell&rsquo;altra applicazione, ad esempio in Twonky Mobile. Vedere le istruzioni dell&rsquo;applicazione specifica. <br/><br/>Per impostazione predefinita, tutti i media presenti nelle sottocartelle \\Twonky\\Sync delle cartelle utente per musica, foto e video saranno disponibile per il sync.<br/><br/>È possibile personalizzare le impostazioni di seguito."},
 "syncfolders": {"value": "Cartelle accessibili per il sync"},
 "syncfolder_desc": {"value": "Selezionare una cartella di cui rendere disponibile il contenuto alle applicazioni di sync."},
 "syncfolder_name": {"value": "Nome breve"},
 "syncfolder_name_desc": {"value": "<b>Nome breve:</b> il nome assegnato al contenuto delle cartelle nell&rsquo;applicazione di sync. Ad esempio, &quot;Video personali&quot;."},
 "syncfolder_new_share_info": {"value": "Informazioni per selezionare una nuova cartella per il sync:"},
 "synchronization": {"value": "Sync"},
 "syncurl": {"value": "URL del server di sync"},
 "twitter": {"value": "Twitter"},
 "Twonky Server": {"value": "Twonky Server"},
 "Twonky Servertextpart2": {"value": "Special"},
 "twonky.com": {"value": "Twonky.com"},
 "twonkyforums": {"value": "Forum di Twonky"},
 "update": {"value": "Aggiorna"},
 "uptime": {"value": "Tempo di attività del server"},
 "username": {"value": "Nome utente"},
 "users": {"value": "Utenti"},
 "users_desc": {"value": " Gli account utente servono per controllare l&rsquo;accesso alle cartelle disponibili per il sync. È necessario immettere nome utente e password per concedere ai server l&rsquo;accesso a queste cartelle. Se non sussistono problemi di sicurezza, è possibile definire un account anonimo che non necessiti di nome utente e password per l&rsquo;accesso alle cartelle."},
 "users_subdesc": {"value": "È possibile creare o eliminare account utente di seguito. Per eliminare un utente esistente, selezionare un nome dall&rsquo;elenco e fare clic su &quot;Elimina&quot;. Per aggiungere un nuovo account, fare clic su &quot;Aggiungi utente&quot; e immettere nome utente e password."},
 "user_name_desc": {"value": "<b>Nome utente:</b> è possibile immettere un account utente che richieda la specificazione di nome e password per l&rsquo;accesso protetto al contenuto. Per l&rsquo;accesso senza nome utente e password, selezionare &quot;Generico&quot; dall&rsquo;elenco degli utenti."},
 "version": {"value": "Versione:"},
 "video": {"value": "Video"},
 "videos": {"value": "Video"},
 "view": {"value": "Visualizza"},
 "viewlogfile": {"value": "Visualizza file di registro"},
 "visit": {"value": "Visita"},
 "wmdrmstatus": {"value": "Stato di Windows Media DRM"},
 "year": {"value": "Anno:"},
 "yes": {"value": "Sì"},
 "youtube": {"value": "YouTube"},
 "btnCancel": {"value": "Annulla"},
 "btnOk": {"value": "OK"},
 "btnDone": {"value": "Fine"},
 "btnRetry": {"value": "Riprovare"},
 "btnVerify": {"value": "Verificare"},
 "btnNext": {"value": "Avanti"},
 "ActivateRequiredHeading": {"value": "Attivare Roku per la trasmissione"},
 "ActivateRequiredMsg1Paragraph1": {"value": "Per attivare l’assistenza alla trasmissione, occorre installare il canale Twonky nel lettore Roku streaming. Visualizzare Roku nel televisore in modo che potremo fornire istruzioni su come procedere."},
 "ActivateRequiredMsg1Paragraph2": {"value": "Una volta pronti, premere Avanti. A questo punto si dovrebbe poter vedere il negozio di canale Roku nel lettore Roku streaming aperto nella pagina del canale Twonky."},
 "ActivateRequiredMsg2Paragraph1": {"value": "Installare il canale Twonky dal negozio di canale nel lettore Roku streaming."},
 "ActivateRequiredMsg2Paragraph2": {"value": "Dopo aver installato il canale Twonky nel lettore Roku streaming, premere Verifica."},
 "ActivateSuccessHeading": {"value": "Attivazione riuscita"},
 "ActivateSuccessMsg": {"value": "Congratulazioni! Il lettore Roku streaming è pronto per la trasmissione. "},
 "ActivateIncompleteHeading": {"value": "Attivazione non completata"},
 "ActivateIncompleteMsg1": {"value": "L’attivazione del lettore Roku streaming non è riuscita. Il lettore Roku streaming deve venire attivato per supportare la trasmissione."},
 "ActivateIncompleteMsg2": {"value": "L’attivazione del lettore Roku streaming non è riuscita. Selezionare un altro dispositivo per la trasmissione. È sempre possible riprodurre il proprio contenuto su questo dispositivo selezionando “Questo dispositivo:” come dispositivo di visualizzazione."},
 "accesstoshares": {"value": "Concedi accesso alle cartelle condivise"},
 "actions": {"value": "Azioni"},
 "adduser": {"value": "Aggiungi nuovo utente"},
 "admin": {"value": "admin"},
 "allshares": {"value": "Tutti"},
 "beamoradd": {"value": "Metti elementi in coda per il trasferimento"},
 "beamtodevice": {"value": "trasferisci al dispositivo selezionato"},
 "beamtodevice2": {"value": "Trasferisci al dispositivo selezionato"},
 "btnPrevious": {"value": "Precedente"},
 "cannotbeam": {"value": "Impossibile eseguire il trasferimento al dispositivo"},
 "changepassword": {"value": "Modifica password"},
 "clearqueue": {"value": "Cancella coda"},
 "closelocaldevicebox": {"value": "Chiudi"},
 "configuredevices": {"value": "Assegna utente predefinito ai dispositivi collegati"},
 "containerisempty": {"value": "Il contenitore è vuoto."},
 "defaultuser": {"value": "Utente predefinito"},
 "deletefromqueue": {"value": "Elimina dalla coda"},
 "deletequeue": {"value": "Elimina coda"},
 "deleteuser": {"value": "Elimina utente"},
 "devicename": {"value": "Nome dispositivo"},
 "devicesettings": {"value": "Impostazioni del dispositivo"},
 "enabledisableaggserver": {"value": "attiva/disattiva server di aggregazione"},
 "enabledisabledevice": {"value": "attiva/disattiva dispositivo"},
 "enabledisableshare": {"value": "attiva/disattiva cartella condivisa"},
 "enablemultiusersupport": {"value": "Abilita multi-utente"},
 "guest": {"value": "guest"},
 "issue": {"value": "Problema"},
 "localdevice": {"value": "Dispositivo locale"},
 "loginfailed": {"value": "Errore: "},
 "logintext": {"value": "Immettere le credenziali per accedere al server: "},
 "logout": {"value": "Disconnessione"},
 "more": {"value": "altro"},
 "multiusercaption": {"value": "Con questa funzionalità è possibile assegnare diritti di accesso a utenti locali, ospiti e ricevitori multimediali (anche portatili)."},
 "multiuserenabledsecuretext": {"value": "Modificare la password di &quot;admin&quot; nella scheda &quot;Multi-utente&quot;."},
 "multiusersecurity": {"value": "Sicurezza"},
 "multiusersupport": {"value": "Multi-utente"},
 "multiusersupportpassword": {"value": "Esistono due account predefiniti, &quot;admin&quot; e &quot;guest&quot;. Solo &quot;admin&quot; può accedere alle pagine delle impostazioni di Twonky Server e gestire gli account. Questo account non tiene conto del nome utente e della password creati nella scheda &quot;Avanzate&quot;. Per definizione, l'account &quot;admin&quot; ha sempre accesso a tutte le cartelle condivise. Alla prima configurazione, modificare la password dell'account &quot;admin&quot;. L'account &quot;guest&quot; non è protetto da password."},
 "multiusersupportsettings": {"value": "account &quot;admin&quot;"},
 "multiuserusehttps": {"value": "Abilita https"},
 "multiuserusehttpscaption": {"value": "Se non viene installato un certificato autofirmato, abilitando il protocollo https verranno visualizzati avvisi di sicurezza del browser."},
 "musauthfailed": {"value": "Autenticazione non riuscita."},
 "musdisablemessage": {"value": "Il nome utente e la password delle pagine delle impostazioni resteranno attivi anche dopo la disabilitazione della modalità multi-utente.<br>È possibile rimuoverli nella scheda &quot;Avanzate&quot;.<br><br>Twonky Server verrà riavviato."},
 "mussaveerror": {"value": "Impossibile salvare alcune modifiche."},
 "navtreeaddview": {"value": "salva la mia struttura"},
 "navtreebuilder": {"value": "Strumento per la creazione delle strutture di navigazione"},
 "navtreebuildercaption": {"value": "È possibile creare strutture di navigazione proprietarie oltre alle 5 predefinite di Twonky Server. Selezionare una combinazione qualsiasi fra nodi di musica, immagini e video elencati qui sotto. In alternativa, iniziare da zero o selezionare una struttura predefinita che si trova a destra, per poi modificarla. Una volta terminata l'operazione di selezione/deselezione dei nodi, digitare il nome della nuova struttura e salvarla. Se esiste già una struttura con lo stesso nome, verrà sovrascritta dalla nuova selezione."},
 "navtreeclearall": {"value": "Disabilita tutto"},
 "navtreedeleteview": {"value": "Elimina questa struttura"},
 "navtreenameerror": {"value": "Non è possibile modificare le strutture predefinite. Selezionare un nome diverso."},
 "navtreenonodeserror": {"value": "La struttura di navigazione non contiene nodi. Seleziona almeno un nodo."},
 "navtreesaveas": {"value": "Nome della mia struttura:"},
 "navtreetemplatedefault": {"value": "Strutture predefinite"},
 "navtreetemplateuser": {"value": "Le mie strutture"},
 "newpassword": {"value": "Nuova password"},
 "oldpassword": {"value": "Vecchia password"},
 "playcontainererror": {"value": "Impossibile recuperare gli elementi."},
 "queueonoff": {"value": "Coda attiva/disattiva"},
 "shareaggclient": {"value": "Client di aggregazione"},
 "specialcharacterinname": {"value": "Non è possibile utilizzare caratteri speciali per il nome."},
 "stop": {"value": "Arresta"},
 "tryotherplayer": {"value": "Aprire il contenuto multimediale in una nuova finestra del browser usando un altro lettore."},
 "userexists": {"value": "L'utente esiste già."},
 "userlist": {"value": "Gestione utenti"},
 "userlistcaption": {"value": "Qui è possibile aggiungere nuovi utenti o eliminarne di esistenti, oltre a modificare password e diritti di accesso. Inoltre, è possibile assegnare un utente predefinito a un dispositivo connesso. Se non ha luogo alcuna autenticazione nel dispositivo connesso, verranno utilizzati i diritti di accesso dell'utente predefinito."}
}