{
 "addnewfolder": {"value": "Добавить новую папку"},
 "add_new_user": {"value": "Добавить нового пользователя"},
 "add_share": {"value": "Добавить папку"},
 "advanced": {"value": "Дополнительно"},
 "advanceddefault": {"value": "Дополнительные параметры навигации мультимедиа"},
 "advanceddefaultcaption": {"value": "Лучший и более быстрый доступ для больших библиотек"},
 "aggregate": {"value": "Сводная обработка"},
 "aggregatecaption": {"value": "Перечислить все элементы сводного содержимого в дереве переходов сводного сервера без копирования файлов."},
 "aggregaterecommended": {"value": "Пользователи с несколькими серверами, которые всегда подсоединены и доступны в сети."},
 "aggregation": {"value": "Сводная обработка"},
 "aggregationcaption": {"value": "При включении сводной обработки Twonky Server собирает информацию всех других устройств, на которых работает Twonky Server или Windows Media Player и дает комплексное представление обо всех доступных в вашей сети мультимедиа. Благодаря этой функции вам не нужно будет переключаться между разными серверами при поиске определенного медиаэлемента. Twonky Server автоматически скрывает дублирующие данные."},
 "aggregationmode": {"value": "Режим сводной обработки"},
 "aggregationmodecaption": {"value": "Режим по умолчанию для недавно обнаруженных серверов."},
 "aggservers": {"value": "Серверы сводной обработки"},
 "aggserverscaption": {"value": "Ниже приводится список серверов Twonky Servers в вашей домашней сети, которые собирают информацию с других серверов и дают комплексное представление обо всех доступных мультимедиа. Для защиты вашей частной информации по умолчанию эти серверы сводной обработки не имеют доступа к мультимедиа, общий доступ к которым открыт на этом сервере. Если ваши мультимедиа отображаются в комплексном представлении, вам нужно будет предоставить право доступа одному или нескольким серверам сводной обработки из приведенного ниже списка."},
 "album": {"value": "Альбом:"},
 "allcontenttypes": {"value": "Все типы контента"},
 "any": {"value": "Любой"},
 "artist": {"value": "Исполнитель:"},
 "availableservers": {"value": "Доступные серверы"},
 "availableserverscaption": {"value": "Список серверов в вашей домашней сети, которые могут быть подвергнуты сводной обработке Twonky Server. Для каждого сервера вы можете выбрать типа мультимедиа для сводной обработки, а также режим сводной обработки."},
 "browse": {"value": "Просмотр"},
 "builddate": {"value": "Дата построения сервера"},
 "byfolder": {"value": "По папкам"},
 "byfoldercaption": {"value": "Используется ваша структура папок"},
 "cachemem": {"value": "Кэш-память"},
 "cancel": {"value": "Отмена"},
 "cdkey": {"value": "Ключ регистрации"},
 "clearcache": {"value": "Очистить кэш"},
 "clearlogfile": {"value": "Очистить файл журнала"},
 "clientreset": {"value": "Дождитесь обновления списка клиентов."},
 "compilationcaption": {"value": "Перечислите папки, которые должны рассматриваться как музыкальная компиляция. Для разделения папок используйте запятую."},
 "compilationdirs": {"value": "Папки компиляции"},
 "connect": {"value": "Новости о нас"},
 "connectionissue": {"value": "Для использования сервера оставайтесь подключенными к Интернету."},
 "copyright": {"value": "&copy; 2004-2014 PacketVideo Corporation. Все права защищены."},
 "days": {"value": "дней"},
 "daysremaining": {"value": "дней осталось в вашей пробной версии."},
 "delete": {"value": "Удалить"},
 "detailedstatus": {"value": "Подробный статус"},
 "dialog_admin_acc_could_not_update": {"value": "Не удалось обновить учетную запись администратора."},
 "dialog_delete_user": {"value": "Удаление &quot;{0}&quot; разрешит анонимный доступ к папкам, связанным с &quot;{1}&quot;. Если вы подтвердите это действие, для синхронизации с этими папками не будет требоваться авторизация."},
 "dialog_enter_alias_name": {"value": "Введите псевдоним."},
 "dialog_enter_share_dir": {"value": "Введите каталог."},
 "dialog_enter_valid_pw": {"value": "Введите допустимый пароль."},
 "dialog_enter_valid_un": {"value": "Введите допустимое имя пользователя."},
 "dialog_failed_delete_share": {"value": "Не удалось удалить общий доступ."},
 "dialog_failed_to_rem_usr_rights": {"value": "Не удалось удалить права пользователя."},
 "dialog_invalid_share_name_1": {"value": "Недопустимое короткое имя. Короткое имя должно быть одним словом и не иметь несколько &rsquo;{0}&rsquo; между словами."},
 "dialog_invalid_share_name_2": {"value": "Недопустимое короткое имя. Короткое имя должно быть одним словом и не содержать &rsquo;{0}&rsquo;."},
 "dialog_invalid_share_path": {"value": "Недействительный путь."},
 "dialog_portaldisassociatefree": {"value": "Отсоединение этого сервера от вашей учетной записи Twonky приведет к отключению функций сервера.</br></br>Вы уверены, что хотите отсоединить эту учетную запись?"},
 "dialog_portaldisassociatepremium": {"value": "Отсоединение этого сервера от вашей учетной записи Twonky приведет к удалению некоторых функций сервера.</br></br>Вы уверены, что хотите отсоединить эту учетную запись?"},
 "dialog_reserve_user_name": {"value": "&quot;{0}&quot; не может быть использовано в качестве имени пользователя."},
 "dialog_server_req_failed": {"value": "Не удалось получить информацию Twonky Server."},
 "dialog_share_added_success": {"value": "Папка добавлена успешно."},
 "dialog_user_add_success": {"value": "Пользователь добавлен успешно."},
 "discardchanges": {"value": "Отменить изменения"},
 "enable": {"value": "Включить"},
 "enableaggregation": {"value": "Включить сводную обработку"},
 "enablelogging": {"value": "Включить ведение журнала"},
 "enablesharing": {"value": "Автоматически включать общий доступ для новых медиаприемников."},
 "enter": {"value": "Ввод"},
 "enter_valid_pw": {"value": "Введите допустимый пароль"},
 "enter_valid_un": {"value": "Введите допустимое имя пользователя"},
 "facebook": {"value": "Facebook"},
 "faqs": {"value": "Частые вопросы"},
 "filesize": {"value": "Размер файла:"},
 "format": {"value": "Формат:"},
 "freeserver": {"value": "Twonky"},
 "friendlyname": {"value": "Понятное имя"},
 "genre": {"value": "Жанр:"},
 "gethelp": {"value": "Получить справку"},
 "helpCenter": {"value": "Справочный центр"},
 "here": {"value": "здесь"},
 "hide": {"value": "Скрыть"},
 "hours": {"value": "часы"},
 "ignore": {"value": "Игнорировать"},
 "ignorecaption": {"value": "Не предпринимать действий при обнаружении нового сервера."},
 "ignorerecommended": {"value": "Пользователи, которые хотят задать разные настройки для каждого сервера в их сети."},
 "inminutes": {"value": "в минутах"},
 "ip": {"value": "протокол IP"},
 "ipodlike": {"value": "в виде iPod"},
 "ipodlikecaption": {"value": "Подходит для тех, кто чувствует себя более комфортно с системой типа iPod"},
 "language": {"value": "Язык"},
 "languagecaption": {"value": "Используется для настроек и дерева переходов"},
 "lastdbchange": {"value": "Последнее обновление базы данных"},
 "license-201": {"value": "Недействительный ключ."},
 "license-202": {"value": "Нельзя зарегистрировать Twonky Server с лицензией TwonkyMusic."},
 "license-203": {"value": "Недопустимый ключ для этой версии сервера."},
 "license-204": {"value": "Недопустимый ключ для этой версии сервера."},
 "license-205": {"value": "Ключ уже используется другим экземпляром сервера."},
 "license-206": {"value": "Время Вашей пробной версии истекло. Если вы вводили лицензионный ключ ранее, попробуйте перезапустить устройство, на котором работает Twonky Server."},
 "license1": {"value": "Версия Trial"},
 "license2": {"value": "Версия Twonky Server"},
 "license3": {"value": "Версия Twonky Server и TwonkyManager Lite"},
 "license4": {"value": "Версия Twonky Server и TwonkyManager Full"},
 "licenseinfo": {"value": "Информация о лицензии"},
 "licensekey": {"value": "Лицензионный ключ"},
 "licensekeycaption": {"value": "Для активации программы ведите лицензионный ключ. Если лицензия не была предоставлена, вы можете получить ее, посетив www.twonky.com."},
 "licensinginfo": {"value": "Информация о лицензировании"},
 "local_folder": {"value": "Локальная папка"},
 "local_syncfolder_desc": {"value": "<b>Локальная папка:</b> Введите путь к расположению данной папки на этом компьютере. Например, &quot;c:\\videos&quot;."},
 "loggedinas": {"value": "Вы вошли как"},
 "logging": {"value": "Ведение журнала"},
 "login": {"value": "Войти"},
 "loginneededcaption": {"value": "Ваша учетная запись Twonky активирована, но вы не вошли в систему."},
 "mac": {"value": "MAC"},
 "mediareceivers": {"value": "Медиаприемники"},
 "minutes": {"value": "минуты"},
 "mirror": {"value": "Автокопирование"},
 "mirrorcaption": {"value": "Создавайте копии содержимого других серверов и храните их на этом устройстве, чтобы иметь доступ к медиафайлам, даже когда другой сервер не находится в вашей сети."},
 "mirrorrecommended": {"value": "Пользователи, серверы которых могут временно пропасть из сети, например, если это сервер на ноутбуке или мобильном телефоне. Эта опция позволяет пользователям Twonky Mobile автоматически копировать фотографии, видео и музыку с устройстваApple или Android на домашний сервер."},
 "mobile": {"value": "Мобильный"},
 "mobileApps": {"value": "Мобильные приложения"},
 "mobilecaption": {"value": "Подходит для мобильных устройств"},
 "mpeglicense": {"value": "Лицензия на технологию кодирования аудио MPEG Layer-3 от Fraunhofer IIS и Thomson."},
 "music": {"value": "Музыка"},
 "myexperience": {"value": "Улучшить мои впечатления"},
 "myexperience_desc": {"value": "Вы можете помочь нам улучшить ваши впечатления от наших продуктов посредством автоматической отправки данным продуктом Twonky информации о его использовании и типах устройств, находящихся у вас дома. Эти данные не содержат информацию, которая идентифицирует вас или воспроизводимый вами носитель. PacketVideo не передает эту информацию другим компаниям; она используется только PacketVideo в обобщенной форме для улучшения наших продуктов.<br><br>Участие в программе сбора отзывов о впечатлениях пользователей является добровольным. Вы можете в любое время подписаться на участие в программе или прервать это участие после предшествующей подписки."},
 "mylibrary": {"value": "Моя библиотека"},
 "mytwonky.com": {"value": "Twonky.com"},
 "mytwonkyaccount": {"value": "Учетная запись Twonky"},
 "navtree": {"value": "Дерево переходов"},
 "navtreecaption": {"value": "Следующие настройки будут использоваться по умолчанию для всех новых медиаприемников. Индивидуальные значения для каждого медиаприемника можно задать в меню Общий доступ - Медиаприемники."},
 "navtype": {"value": "Тип навигации"},
 "networkinterfaces": {"value": "Интерфейсы сети"},
 "nicrestart": {"value": "Перезапуск при изменениях сетевой платы "},
 "nicrestartcaption": {"value": "Включить/выключить динамический перезапуск сервера при любых изменениях сетевой платы. Имейте в виду, что перезапуск сервера приведет к прерыванию потоковой передачи!"},
 "no": {"value": "Нет"},
 "nomusic": {"value": "Нет музыки, которую можно было бы отобразить."},
 "nophotos": {"value": "Нет фото, которые можно было бы отобразить."},
 "notchanged": {"value": "Не удалось сохранить некоторые из ваших изменений."},
 "novideos": {"value": "Нет видео, которые можно было бы отобразить."},
 "no_syncfolders": {"value": "Вы не выбрали папки для синхронизации на этом сервере. Вы можете выбрать папки ниже."},
 "no_user_added": {"value": "Учетных записей пользователя для синхронизации создано не было. Вы можете нажать на кнопку &quot;Добавить нового пользователя&quot; ниже, чтобы создать такую учетную запись."},
 "of": {"value": "из"},
 "ok": {"value": "OK"},
 "onlineservices": {"value":"Oнлайн сервисы"},
 "onlinesvcsunavailable": {"value": "Oнлайн сервисы в данный момент не доступны. Пожалуйста попробуйте позже."},
 "parentdir": {"value": "Родительская папка"},
 "password": {"value": "Пароль"},
 "photo": {"value": "Фото"},
 "photos": {"value": "Фото"},
 "play": {"value": "Воспроизведение"},
 "playbackbeamreportingcaption": {"value": "Улучшите мои впечатления, позволив Twonky Server передавать информацию в соответствии с политикой конфиденциальности Twonky (Twonky Data Collection Policy)."},
 "pleaselogin": {"value": "Пожалуйста, посетите myTwonky"},
 "portalconnecting": {"value": "Проверка статуса..."},
 "portaldisabled": {"value": "Портал отключен"},
 "portaldisassociate": {"value": "Отсоединить эту учетную запись"},
 "premiumserver": {"value": "Twonky Server Premium"},
 "receivertype": {"value": "Тип медиаприемника"},
 "recommendedfor": {"value": "Рекомендуется для"},
 "registerserver": {"value": "Регистрация сервера"},
 "registrationoptional": {"value": "Зарегистрируйте свой сервер"},
 "registrationoptionalcaption": {"value": "Ваш Twonky Server установлен, но не подключен к Oнлайн сервисы. При регистрации вы получите доступ к большему числу функций."},
 "registrationrequired": {"value": "Необходима регистрация"},
 "registrationrequiredcaption": {"value": "Ваш Twonky Server установлен, но не активирован. Для активации вашего Twonky Server войдите в систему или зарегистрируйтесь на myTwonky.com. Без регистрации ваш сервер не будет функционировать."},
 "reload_config": {"value": "Перезагрузить конфигурацию"},
 "reload_failed": {"value": "Не удалось перезагрузить. Повторите попытку позднее"},
 "removablemedia": {"value": "Съемный носитель"},
 "removablemediacaption": {"value": "При включении этой функции Twonky Server автоматически открывает общий доступ ко всем медиафайлам на съемном устройстве, таком как карта памяти USB. При отключении устройства находящиеся на нем медиафайлы перестают отображаться на сервере."},
 "renewlicense": {"value": "Вам нужно посетить myTwonky.com через {0} часов и {1} минут, чтобы продлить свою лицензию."},
 "renewlicenseindays": {"value": "Вы должны посетить myTwonky.com в течение {0} дней, чтобы возобновить вашу лицензию."},
 "rescancaption": {"value": "Эта опция указывать поведение сервера при повторном сканировании. Если установлено значение 0, автоматическое повторное сканирование отключается. Положительное значение определяет период времени между сканированием папок в минутах. -1 сервер автоматически проверяет папки на предмет нового содержимого без необходимости повторного сканирования."},
 "rescancontent": {"value": "Повторное сканирование папок с содержимым"},
 "rescaninterval": {"value": "Интервал повторного сканирования"},
 "resetdefaults": {"value": "Восстановить значения по умолчанию"},
 "resetlist": {"value": "Сбросить список"},
 "resetprompt": {"value": "Восстановить все значения по умолчанию? Это действие нельзя отменить."},
 "restartpending": {"value": "Ожидается перезапуск сервера"},
 "restartprompt": {"value": "Имейте в виду, что некоторые из примененных изменений вступят в действие только после перезапуска сервера.<br /><br />Перезапустить сервер сейчас?"},
 "restartserver": {"value": "Перезапустить сервер"},
 "rights": {"value": "Права"},
 "rights_desc": {"value": "<b>Права:</b> Вы можете задать права доступа для каждой папки. Выберите доступ на запись и чтение или доступ только для чтения."},
 "rmautoshare": {"value": "Автоматический общий доступ к съемным носителям"},
 "savechanges": {"value": "Сохранить изменения"},
 "saveprompt": {"value": "Вы сделали изменения, которые не были сохранены. Сохранить или отменить изменения?"},
 "seconds": {"value": "секунды"},
 "securedcaption": {"value": "Вы можете защитить страницы настройки Twonky Server, а также доступ к синхронизации при помощи имени пользователя и пароля."},
 "securedserversettings": {"value": "Настройки защищенного сервера"},
 "select": {"value": "Выбрать"},
 "selectfolder": {"value": "Выбрать папку для предоставления общего доступа"},
 "selectsyncfolder": {"value": "Выбрать папку для синхронизации"},
 "servermaintenance": {"value": "Обслуживание сервера"},
 "servername": {"value": "Имя сервера"},
 "servernamecaption": {"value": "Для того, чтобы ваш медиа-плеер правильно отображал имя сервера, пожалуйста, используйте только следующие символы: буквы, цифры, пробелы, точки и/или запятые."},
 "serverrestarting": {"value": "Дождитесь перезагрузки сервера."},
 "serversettings": {"value": "Настройки сервера"},
 "server_build_date": {"value": "Дата построения сервера"},
 "settings": {"value": "Настройки"},
 "setup": {"value": "Настройка"},
 "sharedfolders": {"value": "Общие папки"},
 "sharedfolderscaption": {"value": "Мультимедиа из следующих папок будут доступны других устройствам вашей сети. Вы можете задать ограничения по типам мультимедиа, общий доступ к которым вы открываете, для каждой отдельной папки. При снятии флажка в поле слева доступ к мультимедиа в данной папке прекращается. <br/><br/>Если вы задали другой сервер в вашей сети для отображения мультимедиа со всех серверов в одной коллекции, при снятии флажка в поле справа мультимедиа в данной папке будут открыты для сводной обработки. Более подробную информацию по этой функции вы можете получить в меню сводной обработки."},
 "shareforagg": {"value": "Доступно для сводной обработки"},
 "sharing": {"value": "Общий доступ"},
 "sharingCaption": {"value": "Определите мультимедиа, общий доступ к которым предоставляется по вашей местной сети."},
 "show": {"value": "Показать"},
 "simpledefault": {"value": "Классическая навигация мультимедиа"},
 "simpledefaultcaption": {"value": "Подходит для маленьких библиотек"},
 "songs": {"value": "Песни"},
 "status": {"value": "Статус"},
 "status_desc": {"value": "Twonky позволяет вам синхронизировать медиа-контент по беспроводной связи между устройствами, на которых работают некоторые приложения Twonky. Вам нужно будет настроить параметры синхронизации для каждого приложения Twonky, в котором используется эта функция. На этой странице вы можете задать папки на этом устройстве, которые вы хотите открыть для синхронизации. Для завершения установки вам нужно настройки параметры синхронизации в других приложениях, таких как Twonky Mobile. Обратитесь к инструкциям, прилагающимся к конкретному приложению. <br/><br/>По умолчанию все мультимедиа, находящиеся во вложенных папках \\Twonky\\Sync в установленных по умолчанию пользовательских папках музыки, фото и видео, будут автоматически открыты для синхронизации.<br/><br/>Ниже вы можете персонализировать настройки синхронизации."},
 "syncfolders": {"value": "Папки, доступные для синхронизации"},
 "syncfolder_desc": {"value": "Выберите папку, содержание которой будет доступно для синхронизации приложений."},
 "syncfolder_name": {"value": "Короткое имя"},
 "syncfolder_name_desc": {"value": "<b>Короткое имя:</b> Имя, которые вы будет использовать, чтобы найти содержание этой папки через приложение синхронизации. Например, &quot;Мои видео&quot;."},
 "syncfolder_new_share_info": {"value": "Введите информацию для выбора новой папки для синхронизации:"},
 "synchronization": {"value": "Синхронизация"},
 "syncurl": {"value": "URL сервера синхронизации"},
 "twitter": {"value": "Twitter"},
 "Twonky Server": {"value": "Twonky Server"},
 "Twonky Servertextpart2": {"value": "Special"},
 "twonky.com": {"value": "Twonky.com"},
 "twonkyforums": {"value": "Форум Twonky"},
 "update": {"value": "Обновление"},
 "uptime": {"value": "Время работы сервера"},
 "username": {"value": "Имя пользователя"},
 "users": {"value": "Пользователи"},
 "users_desc": {"value": " Пользовательские учетные записи используются для контроля над доступам к папкам, доступным для синхронизации. Вам нужно будет ввести имя пользователя и пароль для предоставления приложениям доступа к этим папкам. Если безопасность вас не беспокоит, вы можете установить анонимный доступ к этим папкам, и тогда вам не придется вводить имя пользователя и пароль."},
 "users_subdesc": {"value": "Ниже вы можете создавать и удалять учетные записи пользователей. Для удаления существующего пользователя выберите пользователя из списка и нажмите &quot;Удалить&quot;. Для добавления новой учетной записи пользователя нажмите кнопку &quot;Добавить нового пользователя&quot; и введите предпочтительное имя пользователя и пароль."},
 "user_name_desc": {"value": "<b>Имя пользователя:</b> Вы можете задать единую учетную запись пользователя и запрашивать имя пользователя и пароль для безопасного доступа к вашему контенту. Для открытого доступа без имени пользователя или пароля выберите &quot;Любой&quot; из списка пользователей."},
 "version": {"value": "Версия:"},
 "video": {"value": "Видео"},
 "videos": {"value": "Видео"},
 "view": {"value": "Просмотр"},
 "viewlogfile": {"value": "Просмотр файла журналов"},
 "visit": {"value": "Посетить"},
 "wmdrmstatus": {"value": "Windows Media DRM статус"},
 "year": {"value": "Год:"},
 "yes": {"value": "Да"},
 "youtube": {"value": "YouTube"},
 "accesstoshares": {"value": "Открыть общий доступ"},
 "actions": {"value": "Действия"},
 "adduser": {"value": "Добавить нового пользователя"},
 "admin": {"value": "admin"},
 "allshares": {"value": "Все"},
 "beamoradd": {"value": "Поставить элементы в очередь для трансляции"},
 "beamtodevice": {"value": "транслировать на выбранное устройство"},
 "beamtodevice2": {"value": "Транслировать на выбранное устройство"},
 "btnPrevious": {"value": "Назад"},
 "cannotbeam": {"value": "Невозможно транслировать на устройство"},
 "changepassword": {"value": "Изменить пароль"},
 "clearqueue": {"value": "Clear Queue"},
 "closelocaldevicebox": {"value": "Закрыть"},
 "configuredevices": {"value": "Назначить пользователя по умолчанию для подключенных устройств"},
 "containerisempty": {"value": "Контейнер пуст."},
 "defaultuser": {"value": "Пользователь по умолчанию"},
 "deletefromqueue": {"value": "Удалить из очереди"},
 "deletequeue": {"value": "Удалить очередь"},
 "deleteuser": {"value": "Удалить пользователя"},
 "devicename": {"value": "Имя устройства"},
 "devicesettings": {"value": "Настройки устройства"},
 "enabledisableaggserver": {"value": "включить/отключить сервер сводной обработки"},
 "enabledisabledevice": {"value": "включить/отключить устройство"},
 "enabledisableshare": {"value": "включить/отключить общий доступ"},
 "enablemultiusersupport": {"value": "Включить несколько пользователей"},
 "guest": {"value": "guest"},
 "issue": {"value": "Проблема"},
 "localdevice": {"value": "Локальное устройство"},
 "loginfailed": {"value": "Ошибка: "},
 "logintext": {"value": "Введите учетные данные для доступа к серверу: "},
 "logout": {"value": "Выход"},
 "more": {"value": "еще"},
 "multiusercaption": {"value": "С помощью этой функции можно предоставить права доступа домашним пользователям и гостям, а также подключенным мультимедийным устройствам, включая мобильные устройства."},
 "multiuserenabledsecuretext": {"value": "Измените пароль для пользователя &quot;admin&quot; на вкладке &quot;Несколько пользователей&quot;."},
 "multiusersecurity": {"value": "Безопасность"},
 "multiusersupport": {"value": "Несколько пользователей"},
 "multiusersupportpassword": {"value": "Есть две стандартные учетные записи: &quot;admin&quot; и &quot;guest&quot;. Только с помощью учетной записи &quot;admin&quot; можно пользоваться страницами настроек Twonky Server и управлять учетными записями. Обратите внимание на то, что эта учетная запись переопределяет имя пользователя и пароль, которые вы могли создать на вкладке &quot;Дополнительно&quot;. По определению учетная запись &quot;admin&quot; имеет полный доступ ко всем общим файлам. После первой настройки обязательно измените указанный ниже пароль для учетной записи &quot;admin&quot;. Учетная запись &quot;guest&quot; не защищена паролем."},
 "multiusersupportsettings": {"value": "Учетная запись &quot;admin&quot;"},
 "multiuserusehttps": {"value": "Включить https"},
 "multiuserusehttpscaption": {"value": "Обратите внимание на то, что включение https приведет к появлению предупреждений системы безопасности браузера, если не установлен самозаверяющий сертификат."},
 "musauthfailed": {"value": "Ошибка аутентификации."},
 "musdisablemessage": {"value": "Обратите внимание на то, что после отключения режима нескольких пользователей имя пользователя и пароль для страниц настроек по-прежнему будут действовать.<br>Удалить их можно на вкладке &quot;Дополнительно&quot;.<br><br>Сервер Twonky Server будет перезапущен."},
 "mussaveerror": {"value": "Не удалось сохранить некоторые изменения."},
 "navtreeaddview": {"value": "Cохранить мое дерево"},
 "navtreebuilder": {"value": "Конструктор дерева переходов"},
 "navtreebuildercaption": {"value": "В составе Twonky Server есть 5 стандартных деревьев переходов. Вы также можете создавать свои собственные деревья. Выберите любую комбинацию указанных ниже узлов музыки, фотографий и видео. Можно начать с нуля или выбрать стандартное дерево справа и изменить его. Выберите нужные узлы и отмените ненужные, введите имя нового дерева и сохраните его. Если дерево с таким именем уже существует, оно будет перезаписано."},
 "navtreeclearall": {"value": "отключить все"},
 "navtreedeleteview": {"value": "удалить это дерево"},
 "navtreenameerror": {"value": "Стандартное дерево невозможно изменить. Выберите другое имя."},
 "navtreenonodeserror": {"value": "В вашем дереве переходов нет узлов. Выберите по крайней мере один узел."},
 "navtreesaveas": {"value": "Имя моего дерева:"},
 "navtreetemplatedefault": {"value": "Стандартные деревья"},
 "navtreetemplateuser": {"value": "Мои деревья"},
 "newpassword": {"value": "Новый пароль"},
 "oldpassword": {"value": "Старый пароль"},
 "playcontainererror": {"value": "Невозможно получить элементы."},
 "queueonoff": {"value": "Включить/отключить очередь"},
 "shareaggclient": {"value": "клиенты сводной обработки"},
 "specialcharacterinname": {"value": "Имя не может содержать специальные символы."},
 "stop": {"value": "Остановить"},
 "tryotherplayer": {"value": "Попробуйте открыть мультимедийный контент в новом окне браузера с помощью другого плеера."},
 "userexists": {"value": "Пользователь уже существует."},
 "userlist": {"value": "Управление пользователями"},
 "userlistcaption": {"value": "Здесь можно добавить новых пользователей, удалить существующих и изменить пароли и права доступа. Также можно назначить пользователя по умолчанию для подключенного устройства. Если на подключенном устройстве не выполняется аутентификация, применяются права доступа пользователя по умолчанию."}
}