<?xml version="1.0" encoding="UTF-8" ?>
<root xmlns="urn:schemas-upnp-org:device-1-0">
	<specVersion>
		<major>1</major>
		<minor>0</minor>
	</specVersion>
	<device>
		<dlna:X_DLNADOC xmlns:dlna="urn:schemas-dlna-org:device-1-0">DMS-1.50</dlna:X_DLNADOC>
		<dlna:X_DLNADOC xmlns:dlna="urn:schemas-dlna-org:device-1-0">M-DMS-1.50</dlna:X_DLNADOC>
		<deviceType>urn:schemas-upnp-org:device:MediaServer:1</deviceType>
		<UDN>#UDN#</UDN>
		<friendlyName>#FRIENDLYNAME#</friendlyName>
		<manufacturer>TwonkyVision GmbH</manufacturer>
		<manufacturerURL>http://www.twonkyvision.com</manufacturerURL>
		<modelName>Twonky</modelName>
		<modelNumber>4.4</modelNumber>
		<modelURL>http://www.twonkyvision.com</modelURL>
		<modelDescription>Twonky</modelDescription>
		<serialNumber>4.4</serialNumber>
		<UPC></UPC>
		<presentationURL>#BASE-URL#</presentationURL>
		<iconList>
			<icon>
				<mimetype>image/jpeg</mimetype>
				<height>48</height>
				<width>48</width>
				<depth>24</depth>
				<url>/images/twonkyicon-48x48.jpg</url>
			</icon>
			<icon>
				<mimetype>image/jpeg</mimetype>
				<height>120</height>
				<width>120</width>
				<depth>24</depth>
				<url>/images/twonkyicon-120x120.jpg</url>
			</icon>
			<icon>
				<mimetype>image/png</mimetype>
				<height>48</height>
				<width>48</width>
				<depth>24</depth>
				<url>/images/twonkyicon-48x48.png</url>
			</icon>
			<icon>
				<mimetype>image/png</mimetype>
				<height>120</height>
				<width>120</width>
				<depth>24</depth>
				<url>/images/twonkyicon-120x120.png</url>
			</icon>
		</iconList>
		<serviceList>
		#SERVICE-LIST#
		</serviceList>
	</device>
</root>
[EOF]
