<?xml version="1.0" encoding="UTF-8" ?>
<root xmlns="urn:schemas-upnp-org:device-1-0">
	<specVersion>
		<major>1</major>
		<minor>0</minor>
	</specVersion>
	<device>
		<deviceType>urn:schemas-upnp-org:device:MediaServer:1</deviceType>
		<UDN>#UDN#</UDN>
		<friendlyName>#FRIENDLYNAME#:TMS:Windows Media Connect</friendlyName>
		<manufacturer>Microsoft</manufacturer>
		<manufacturerURL>http://www.microsoft.com/</manufacturerURL>
		<modelName>Windows Media Connect</modelName>
		<modelURL>http://www.microsoft.com/</modelURL>
		<modelNumber>2.0</modelNumber>
		<UPC></UPC>
		<iconList>
			<icon>
				<mimetype>image/jpeg</mimetype>
				<height>48</height>
				<width>48</width>
				<depth>24</depth>
				<url>/images/twonkyicon-48x48.jpg</url>
			</icon>
			<icon>
				<mimetype>image/jpeg</mimetype>
				<height>120</height>
				<width>120</width>
				<depth>24</depth>
				<url>/images/twonkyicon-120x120.jpg</url>
			</icon>
			<icon>
				<mimetype>image/png</mimetype>
				<height>48</height>
				<width>48</width>
				<depth>24</depth>
				<url>/images/twonkyicon-48x48.png</url>
			</icon>
			<icon>
				<mimetype>image/png</mimetype>
				<height>120</height>
				<width>120</width>
				<depth>24</depth>
				<url>/images/twonkyicon-120x120.png</url>
			</icon>
		</iconList>
		<serviceList>
		#SERVICE-LIST#
		</serviceList>
	</device>
</root>
[EOF]
