<Client>
	<DeviceId>
		<DisplayName>DENON</DisplayName>
		<DeviceDescriptionRecognition BoolOp="OR">
			<DescriptionText>DENON</DescriptionText>
			<DescriptionText>Denon</DescriptionText>
		</DeviceDescriptionRecognition>
		<MappingUpdatePolicy>FIX</MappingUpdatePolicy>
	</DeviceId>
	<Adaptations>
		<DLNA>
			<Version>DLNA15</Version>
		</DLNA>
	</Adaptations>
	<DeviceQuirks>
		<Quirk>CANNOTREGISTERDEVICE</Quirk>
		<Quirk>FORCE_4TH_FIELD</Quirk>
		<Quirk>NOTRPICS</Quirk>
	</DeviceQuirks>
</Client>
