<Client>
	<DeviceId>
		<!-- Originally added for LG BP620 -->
		<DisplayName>LG TV</DisplayName>
		<HttpRecognition>
			<HttpText>LGE_DLNA_SDK</HttpText>
			<HttpText>LG_UA</HttpText>
		</HttpRecognition>
		<DeviceDescriptionRecognition>
			<DescriptionText>&lt;manufacturer&gt;LG Electronics&lt;/manufacturer&gt;</DescriptionText>
		</DeviceDescriptionRecognition>
		<MappingUpdatePolicy>FIX</MappingUpdatePolicy>
	</DeviceId>
	<Adaptations>
		<DLNA>
			<Version>DLNA15</Version>
		</DLNA>
		<MimeTranslations>
			<MimeTypeMapping>
			  <In>application/x-srt</In>
			  <Out>text/srt</Out>
			</MimeTypeMapping>
        	</MimeTranslations>
	</Adaptations>
	<DeviceQuirks>
		<Quirk>STOP_WORKAROUND</Quirk>
	</DeviceQuirks>
</Client>