<Client>
	<DeviceId>
		<DisplayName>Sony Bravia</DisplayName>
		<HttpRecognition>
			<HttpText>BRAVIA</HttpText>
		</HttpRecognition>
		<MappingUpdatePolicy>FIX</MappingUpdatePolicy>
	</DeviceId>
	<Capabilities>
		<VideoTranscoding>
			<Source>video/x-matroska</Source>
			<Source>video/quicktime</Source>
			<Source>video/x-ms-dvr</Source>
			<Source>video/x-ms-wtv</Source>
			<Source>video/flv</Source>
			<Source>video/webm</Source>
			<Source>video/x-msvideo</Source>
			<Source>video/mp4</Source>
			<Source>video/3gpp</Source>
			<Source>video/mpeg</Source>
			<Source>video/mpeg2</Source>
			<Target>MPEG</Target>
		</VideoTranscoding>
	</Capabilities>
	<Adaptations>
		<DLNA>
			<Version>DLNA15</Version>
		</DLNA>
	</Adaptations>
	<DeviceQuirks>
		<Quirk>ADDITIONAL_MPEG_RES</Quirk>
		<Quirk>SUPPORT_MPG2TS_TIME_SEEK</Quirk>
	</DeviceQuirks>
</Client>
