<Client>
	<DeviceId>
		<DisplayName>Philips Streamium WAC7500</DisplayName>
		<DeviceDescriptionRecognition>
			<DescriptionText>WAC7500+albumartwork_320_240_thumbnail_48_48+aac</DescriptionText>
		</DeviceDescriptionRecognition>
		<MappingUpdatePolicy>FIX</MappingUpdatePolicy>
	</DeviceId>
	<Capabilities>
		<MediaTypeList>
			<MediaType>MUSIC</MediaType>
		</MediaTypeList>
	</Capabilities>
	<Adaptations>
		<DLNA>
			<Version>DLNA10</Version>
		</DLNA>
	</Adaptations>
	<DeviceQuirks>
		<Quirk>PHILIPSSEARCH</Quirk>
		<Quirk>INVALID_TRACK_METADATA</Quirk>
	</DeviceQuirks>
</Client>
