{
 "addnewfolder": {"value": "Agregar nueva carpeta"},
 "add_new_user": {"value": "Agregar nuevo usuario"},
 "add_share": {"value": "Agregar carpeta"},
 "advanced": {"value": "Opciones avanzadas"},
 "advanceddefault": {"value": "Exploración avanzada de elementos multimedia"},
 "advanceddefaultcaption": {"value": "Mejor y más rápido acceso a bibliotecas de gran tamaño"},
 "aggregate": {"value": "Agregar"},
 "aggregatecaption": {"value": "Lista todos los elementos de contenido agregado en el árbol de exploración del servidor de agregación sin copiar los archivos."},
 "aggregaterecommended": {"value": "Usuarios con varios servidores que siempre están conectados y disponibles en la red."},
 "aggregation": {"value": "Agregación"},
 "aggregationcaption": {"value": "Cuando se habilita la Agregación, Twonky Server recopila información de cualquier otro dispositivo que ejecute Twonky Server o el Reproductor de Windows Media, y presenta todos los elementos multimedia disponibles de su red en una vista general. Con esta característica, no necesitará cambiar entre diferentes servidores cuando busque un elemento multimedia específico. Twonky Server ocultará automáticamente los duplicados."},
 "aggregationmode": {"value": "Modo Agregación"},
 "aggregationmodecaption": {"value": "Modo predeterminado para los servidores recién descubiertos."},
 "aggservers": {"value": "Servidores de agregación"},
 "aggserverscaption": {"value": "A continuación encontrará una lista de los Twonky Servers de su red doméstica que recopilan información de otros servidores para presentar una vista general de todos los elementos multimedia disponibles. De forma predeterminada y para proteger su privacidad, estos servidores de agregación no tienen acceso a los elementos multimedia compartidos por este servidor. Para que su elemento multimedia aparezca en la vista general, deberá otorgar acceso a uno o más servidores de agregación de la lista siguiente. "},
 "album": {"value": "Álbum:"},
 "allcontenttypes": {"value": "Todo tipo de contenidos"},
 "any": {"value": "Cualquiera"},
 "artist": {"value": "Artista:"},
 "availableservers": {"value": "Servidores disponibles"},
 "availableserverscaption": {"value": "Lista de servidores de su red doméstica que Twonky Server puede agregar. Por cada servidor, puede seleccionar el tipo de elemento multimedia que se agregará así como el modo de agregación."},
 "browse": {"value": "Explorar"},
 "builddate": {"value": "Fecha de compilación de servidor"},
 "byfolder": {"value": "Por carpeta"},
 "byfoldercaption": {"value": "Usa su estructura de carpetas"},
 "cachemem": {"value": "Memoria caché"},
 "cancel": {"value": "Cancelar"},
 "cdkey": {"value": "Clave de registro"},
 "clearcache": {"value": "Borrar caché"},
 "clearlogfile": {"value": "Borrar archivo de registro"},
 "clientreset": {"value": "Espere mientras la lista de clientes se actualiza."},
 "compilationcaption": {"value": "Lista cualquier carpeta que se debe tratar como una compilación de música. Use comas para separar las carpetas."},
 "compilationdirs": {"value": "Carpetas de compilación"},
 "connect": {"value": "Síganos"},
 "connectionissue": {"value": "Manténgase conectado a Internet para usar el servidor."},
 "copyright": {"value": "&copy; 2004-2014 PacketVideo Corporation. Reservados todos los derechos."},
 "days": {"value": "días"},
 "daysremaining": {"value": "días restantes de la versión de prueba."},
 "delete": {"value": "Eliminar"},
 "detailedstatus": {"value": "Estado detallado"},
 "dialog_admin_acc_could_not_update": {"value": "No se puede actualizar una cuenta Admin"},
 "dialog_delete_user": {"value": "Al eliminar &quot;{0}&quot; se establecerá el acceso anónimo para las carpetas asociadas con &quot;{1}&quot;. Si lo confirma, la sincronización con estas carpetas no requerirá ningún tipo de autenticación."},
 "dialog_enter_alias_name": {"value": "Escriba el nombre del alias."},
 "dialog_enter_share_dir": {"value": "Especifique el directorio."},
 "dialog_enter_valid_pw": {"value": "Escriba una contraseña válida"},
 "dialog_enter_valid_un": {"value": "Escriba un nombre de usuario válido"},
 "dialog_failed_delete_share": {"value": "Error al eliminar un recurso compartido."},
 "dialog_failed_to_rem_usr_rights": {"value": "Error al eliminar derechos de usuario."},
 "dialog_invalid_share_name_1": {"value": "Nombre abreviado no válido. El nombre abreviado debe ser una sola palabra y no puede tener varios &rsquo;{0}&rsquo; entre las palabras."},
 "dialog_invalid_share_name_2": {"value": "Nombre abreviado no válido. El nombre abreviado debe ser una sola palabra y el nombre no puede incluir &rsquo;{0}&rsquo;."},
 "dialog_invalid_share_path": {"value": "Ruta no válida."},
 "dialog_portaldisassociatefree": {"value": "Desconectar este servidor de su cuenta Twonky deshabilitará la funcionalidad del servidor.</br></br>¿Está seguro de que desea desconectar esta cuenta?"},
 "dialog_portaldisassociatepremium": {"value": "Desconectar este servidor de su cuenta Twonky quitará algunas características de su servidor.</br></br>¿Está seguro de que desea desconectar esta cuenta?"},
 "dialog_reserve_user_name": {"value": "&quot;{0}&quot; no se puede usar como nombre de usuario."},
 "dialog_server_req_failed": {"value": "Error al recuperar información desde Twonky Server."},
 "dialog_share_added_success": {"value": "Carpeta agregada correctamente."},
 "dialog_user_add_success": {"value": "Usuario agregado correctamente."},
 "discardchanges": {"value": "Descartar cambios"},
 "enable": {"value": "Habilitar"},
 "enableaggregation": {"value": "Habilitar agregación"},
 "enablelogging": {"value": "Habilitar registro"},
 "enablesharing": {"value": "Habilitar automáticamente el uso compartido para los nuevos receptores "},
 "enter": {"value": "Especificar"},
 "enter_valid_pw": {"value": "Escriba una contraseña válida"},
 "enter_valid_un": {"value": "Escriba un nombre de usuario válido"},
 "facebook": {"value": "Facebook"},
 "faqs": {"value": "Preguntas frecuentes"},
 "filesize": {"value": "Tamaño de archivo:"},
 "format": {"value": "Formato:"},
 "freeserver": {"value": "Twonky"},
 "friendlyname": {"value": "Nombre descriptivo"},
 "genre": {"value": "Género:"},
 "gethelp": {"value": "Obtener ayuda"},
 "helpCenter": {"value": "Centro de Ayuda"},
 "here": {"value": "aquí"},
 "hide": {"value": "Ocultar"},
 "hours": {"value": "horas"},
 "ignore": {"value": "Ignorar"},
 "ignorecaption": {"value": "No hacer nada con un servidor recién descubierto."},
 "ignorerecommended": {"value": "Usuarios que quieran definir diferentes configuraciones para cada servidor de sus redes."},
 "ignoresharedfolders": {"value": "Ignorar directorios"},
 "ignoresharedfolderscaption": {"value": "Lista de directories separados por una coma que será ignorada al escanear contenido (substring match)."},
 "inminutes": {"value": "minutos"},
 "ip": {"value": "IP"},
 "ipodlike": {"value": "Similar a iPod"},
 "ipodlikecaption": {"value": "Mejor para aquéllos que estén más cómodos con una estructura iPod"},
 "language": {"value": "Idioma"},
 "languagecaption": {"value": "Se usa para la configuración y el árbol de exploración"},
 "lastdbchange": {"value": "Última actualización de la base de datos"},
 "license-201": {"value": "Clave no válida."},
 "license-202": {"value": "No puede registrar Twonky Server con una licencia de TwonkyMusic."},
 "license-203": {"value": "Esta clave no es válida para esta versión del servidor."},
 "license-204": {"value": "Esta clave no es válida para esta versión del servidor."},
 "license-205": {"value": "Esta clave ya está siendo utilizada por otra instancia del servidor."},
 "license-206": {"value": "La versión de prueba ha caducado. Si ha especificado anteriormente una clave de licencia, intente reiniciar el dispositivo que ejecuta Twonky Server."},
 "license1": {"value": "Versión Trial"},
 "license2": {"value": "Versión de Twonky Server"},
 "license3": {"value": "Versión de Twonky Server y TwonkyManager Lite"},
 "license4": {"value": "Versión de Twonky Server y TwonkyManager Full"},
 "licenseinfo": {"value": "Información de licencia"},
 "licensekey": {"value": "Clave de licencia"},
 "licensekeycaption": {"value": "Especifique una clave de licencia para activar este software. Si no dispone de una licencia, puede obtenerla en www.twonky.com."},
 "licensinginfo": {"value": "Información de licencia"},
 "local_folder": {"value": "Carpeta local"},
 "local_syncfolder_desc": {"value": "<b>Carpeta local:</b>  Especifique la ruta donde su ubica la carpeta en este equipo. Por ejemplo, &quot;c:\\videos&quot;."},
 "loggedinas": {"value": "Ha iniciado sesión como"},
 "logging": {"value": "Inicio de sesión"},
 "login": {"value": "Inicie sesión"},
 "loginneededcaption": {"value": "Su cuenta Twonky está activada, pero no ha iniciado sesión."},
 "mac": {"value": "MAC"},
 "mediareceivers": {"value": "Receptores de elementos multimedia"},
 "minutes": {"value": "minutos"},
 "mirror": {"value": "Copia automática"},
 "mirrorcaption": {"value": "Crea copias del contenido de otros servidores y las almacena en este dispositivo, de forma que los archivos multimedia estén disponibles incluso cuando el otro servidor no está en la red."},
 "mirrorrecommended": {"value": "Usuarios con servidores que puede dejar la red temporalmente como, por ejemplo, un servidor en un portátil o en un teléfono móvil. Con esta opción, los usuarios de Twonky Mobile pueden copiar automáticamente fotos, vídeos y música de sus dispositivos Apple o Android a su servidor doméstico."},
 "mobile": {"value": "Móvil"},
 "mobileApps": {"value": "Aplicaciones móviles"},
 "mobilecaption": {"value": "Mejor para dispositivos móviles"},
 "mpeglicense": {"value": "Tecnología de codificación de audio MPEG Layer-3 licenciada por Fraunhofer IIS y Thomson."},
 "music": {"value": "Música"},
 "myexperience": {"value": "Mejorar la experiencia del usuario"},
 "myexperience_desc": {"value": "Usted puede ayudarnos a mejorar su experiencia con nuestros productos permitiendo que este producto de Twonky nos envíe información sobre el uso que se le da y el tipo de dispositivos que usted tiene en su hogar. Estos datos no contienen información que le identifique a usted o los medios que reproduce. PacketVideo no comparte esta información con otras empresas; sólo es utilizada por PacketVideo de forma global y resumida para mejorar nuestros productos.<br><br>La participación en el Programa de experiencia del cliente es voluntaria. Usted podrá confirmar su participación o interrumpir su participación en cualquier momento."},
 "mylibrary": {"value": "Mi biblioteca"},
 "mytwonky.com": {"value": "Twonky.com"},
 "mytwonkyaccount": {"value": "Cuenta Twonky"},
 "navtree": {"value": "Árbol de exploración"},
 "navtreecaption": {"value": "La siguiente configuración será la predeterminada para todos los nuevos receptores de elementos multimedia. Los valores individuales para cada receptor de elementos multimedia se pueden establecer en Uso compartido – Receptores de elementos multimedia."},
 "navtype": {"value": "Tipo de exploración"},
 "networkinterfaces": {"value": "Interfaces de red"},
 "nicrestart": {"value": "Reiniciar con cambios NIC"},
 "nicrestartcaption": {"value": "Habilitar/Deshabilitar el reinicio dinámico del servidor en cualquier cambio NIC. Tenga en cuenta que el reinicio del servidor causará una interrupción en el flujo."},
 "no": {"value": "No"},
 "nomusic": {"value": "No hay música que mostrar."},
 "nophotos": {"value": "No hay fotos que mostrar."},
 "notchanged": {"value": "Algunos de los cambios no se han podido guardar."},
 "novideos": {"value": "No hay vídeos que mostrar."},
 "no_syncfolders": {"value": "No ha seleccionado carpetas en este servidor para la sincronización. Puede seleccionar las carpetas a continuación."},
 "no_user_added": {"value": "No se han creado cuentas de usuario para la sincronización. Puede hacer clic en el botón &quot;Agregar nuevo usuario&quot; para crear uno."},
 "of": {"value": "de"},
 "ok": {"value": "Aceptar"},
 "onlineservices": {"value":"Servicios Online"},
 "onlinesvcsunavailable": {"value": "Los servicios on-line están indisponibles en este momento, por favor, inténtalo más tarde"},
 "parentdir": {"value": "Carpeta principal"},
 "password": {"value": "Contraseña"},
 "photo": {"value": "Foto"},
 "photos": {"value": "Fotos"},
 "play": {"value": "Reproducir"},
 "playbackbeamreportingcaption": {"value": "Mejore su experiencia y permita que Twonky Server comparta información de acuerdo con la Política de Privacidad de Twonky (Twonky Data Collection Policy)."},
 "pleaselogin": {"value": "Por favor, visite myTwonky"},
 "portalconnecting": {"value": "Comprobando estado..."},
 "portaldisabled": {"value": "Portal deshabilitado"},
 "portaldisassociate": {"value": "Desconectar de esta cuenta"},
 "premiumserver": {"value": "Twonky Server Premium"},
 "receivertype": {"value": "Tipo de receptor de elementos multimedia"},
 "recommendedfor": {"value": "Recomendado para"},
 "registerserver": {"value": "Registrar servidor"},
 "registrationoptional": {"value": "Registre su servidor"},
 "registrationoptionalcaption": {"value": "Twonky Server ha sido instalado, pero no está conectado a Servicios Online. Mediante el registro obtendrá acceso a más características."},
 "registrationrequired": {"value": "Registro requerido"},
 "registrationrequiredcaption": {"value": "Twonky Server ha sido instalado, pero no está activado. Para activar Twonky Server, inicie sesión o regístrese en myTwonky.com. Sin el registro, su servidor no estará en perfecto estado."},
 "reload_config": {"value": "Volver a cargar la configuración"},
 "reload_failed": {"value": "No se puede volver a cargar. Inténtelo de nuevo más adelante."},
 "removablemedia": {"value": "Medio extraíble"},
 "removablemediacaption": {"value": "Al habilitar esta característica, Twonky Server  compartirá automáticamente todos los archivos multimedia de un dispositivo extraíble como, por ejemplo, una unidad de memoria USB. Cuando desconecte el dispositivo, estos archivos multimedia no aparecerán en el servidor."},
 "renewlicense": {"value": "Debe visitar myTwonky.com en {0} horas y {1} minutos para renovar su licencia."},
 "renewlicenseindays": {"value": "Debe visitar myTwonky.com en {0} días para renovar su licencia."},
 "rescancaption": {"value": "Esta opción especifica el comportamiento de exploración del servidor. Si se establece en 0, se deshabilita la exploración automática. Un valor positivo especifica en minutos el periodo entre exploraciones de las carpetas de contenido. -1 habilita al servidor para que vigile automáticamente las carpetas de contenido y detecte nuevo contenido sin necesidad de nuevas exploraciones."},
 "rescancontent": {"value": "Volver a explorar las carpetas de contenido"},
 "rescaninterval": {"value": "Intervalo de exploración"},
 "resetdefaults": {"value": "Restablecer la configuración predeterminada"},
 "resetlist": {"value": "Restablecer lista"},
 "resetprompt": {"value": "¿Restablecer todos los ajustes a la configuración predeterminada? Esto no se puede deshacer."},
 "restartpending": {"value": "Reinicio del servidor pendiente"},
 "restartprompt": {"value": "Tenga en cuenta que algunos de los cambios aplicados sólo serán efectivos después de que se reinicie el servidor.<br /><br />¿Desea reiniciarlo ahora?"},
 "restartserver": {"value": "Reiniciar servidor"},
 "rights": {"value": "Derechos"},
 "rights_desc": {"value": "<b>Derechos:</b>  Puede establecer los derechos de acceso para la carpeta. Seleccione lectura y escritura, o solo lectura."},
 "rmautoshare": {"value": "Medio extraíble de uso compartido automático"},
 "savechanges": {"value": "Guardar cambios"},
 "saveprompt": {"value": "Ha hecho cambios que no se han guardado. ¿Desea guardar o descartar estos cambios?"},
 "seconds": {"value": "segundos"},
 "securedcaption": {"value": "Puede asegurar las páginas de Twonky Server, así como el acceso a la sincronización, con un nombre de usuario y una contraseña."},
 "securedserversettings": {"value": "Configuración de servidor seguro"},
 "select": {"value": "Seleccionar"},
 "selectfolder": {"value": "Seleccione una carpeta para compartir"},
 "selectsyncfolder": {"value": "Seleccione una carpeta para que sea accesible para la sincronización. "},
 "servermaintenance": {"value": "Mantenimiento de servidor"},
 "servername": {"value": "Nombre de servidor"},
 "servernamecaption": {"value": "Para asegurarse de que el reproductor de medios muestre correctamente el nombre del servidor, incluya únicamente los siguientes caracteres: letras, números, espacios, puntos y/o comas."},
 "serverrestarting": {"value": "Espere mientras se reinicia el servidor."},
 "serversettings": {"value": "Configuración de servidor"},
 "server_build_date": {"value": "Fecha de compilación de servidor"},
 "settings": {"value": "Configuración"},
 "setup": {"value": "Configuración"},
 "sharedfolders": {"value": "Carpetas compartidas"},
 "sharedfolderscaption": {"value": "Los elementos multimedia de las siguientes carpetas estarán disponibles para otros dispositivos de su red. Puede limitar los tipos de elementos multimedia que comparte en cada carpeta. Al desactivar la casilla de la izquierda se deshabilitará el acceso a los elementos multimedia de esa carpeta. <br/><br/>Si tiene otro servidor en su red configurado para mostrar los elementos multimedia de todos los servidores en una sola recopilación, active la casilla de la derecha para que los elementos multimedia de esa carpeta estén disponibles para la agregación. Para obtener más información sobre esta característica, vaya al menú Agregación."},
 "shareforagg": {"value": "Disponible para la agregación"},
 "sharing": {"value": "Uso compartido"},
 "sharingCaption": {"value": "Define los elementos multimedia que se comparten en su red local."},
 "show": {"value": "Mostrar"},
 "simpledefault": {"value": "Exploración clásica por los elementos multimedia"},
 "simpledefaultcaption": {"value": "Suficiente para bibliotecas de pequeño tamaño"},
 "songs": {"value": "Canciones"},
 "status": {"value": "Estado"},
 "status_desc": {"value": "Twonky le permite sincronizar de forma inalámbrica el contenido entre los dispositivos que ejecutan aplicaciones Twonky seleccionadas. Deberá configurar los ajustes de sincronización en cada aplicación Twonky que utiliza esta característica. En esta página, puede establecer qué carpetas de este dispositivo estarán accesibles para la sincronización. Para completar la configuración, deberá configurar los ajustes de sincronización en su otra aplicación, por ejemplo, Twonky Mobile. Consulte las instrucciones de esa aplicación. <br/><br/>De forma predeterminada, todos los elementos multimedia ubicados en las subcarpetas \\Twonky\\Sync dentro de las carpetas predeterminadas de música, imágenes y vídeos del usuario estarán automáticamente disponibles para la sincronización.<br/><br/>A continuación, puede personalizar sus ajustes de sincronización."},
 "syncfolders": {"value": "Carpetas accesibles para la sincronización"},
 "syncfolder_desc": {"value": "Seleccione una carpeta para que el contenido de esa carpeta esté disponible para las aplicaciones de sincronización."},
 "syncfolder_name": {"value": "Nombre abreviado"},
 "syncfolder_name_desc": {"value": "<b>Nombre abreviado:</b>  El nombre que usará para buscar contenido de esta carpeta en la aplicación de sincronización. Por ejemplo, &quot;Mis Vídeos&quot;."},
 "syncfolder_new_share_info": {"value": "Especifique la información para seleccionar una nueva carpeta para la sincronización:"},
 "synchronization": {"value": "Sincronizar"},
 "syncurl": {"value": "Dirección URL de servidor de sincronización"},
 "twitter": {"value": "Twitter"},
 "Twonky Server": {"value": "Twonky Server"},
 "Twonky Servertextpart2": {"value": "Special"},
 "twonky.com": {"value": "Twonky.com"},
 "twonkyforums": {"value": "Foro de Twonky"},
 "update": {"value": "Actualizar"},
 "uptime": {"value": "Tiempo de actividad de servidor"},
 "username": {"value": "Nombre de usuario"},
 "users": {"value": "Usuarios"},
 "users_desc": {"value": " Las cuentas de usuario se usan para controlar el acceso a las carpetas disponibles para la sincronización. Deberá especificar un nombre de usuario y una contraseña para que las aplicaciones puedan tener acceso a estas carpetas. Si la seguridad no es un problema, puede establecer el acceso anónimo para estas carpetas, de forma que no sea necesario especificar un nombre de usuario o contraseña."},
 "users_subdesc": {"value": "Puede crear o eliminar cuentas de usuario a continuación. Para eliminar un usuario existente, seleccione al usuario en la lista y haga clic en &quot;Eliminar&quot;. Para agregar una nueva cuenta de usuario, haga clic en el botón &quot;Agregar nuevo usuario&quot; y escriba un nombre de usuario y una contraseña."},
 "user_name_desc": {"value": "<b>Nombre de usuario:</b>  Puede especificar una cuenta de usuario individual para que se requiera un nombre de usuario y una contraseña para el acceso seguro a su contenido. Para acceso libre sin nombre de usuario / contraseña, seleccione &quot;Cualquiera&quot; en la lista de usuarios."},
 "version": {"value": "Versión:"},
 "video": {"value": "Vídeo"},
 "videos": {"value": "Vídeos"},
 "view": {"value": "Ver"},
 "viewlogfile": {"value": "Ver archivo de registro"},
 "visit": {"value": "Visite"},
 "wmdrmstatus": {"value": "Estado de Windows Media DRM"},
 "year": {"value": "Año:"},
 "yes": {"value": "Sí"},
 "youtube": {"value": "YouTube"},
 "btnCancel": {"value": "Cancelar"},
 "btnOk": {"value": "Aceptar"},
 "btnDone": {"value": "Hecho"},
 "btnRetry": {"value": "Intentar de nuevo"},
 "btnVerify": {"value": "Comprobar"},
 "btnNext": {"value": "Siguiente"},
 "ActivateRequiredHeading": {"value": "Activar Roku para la transmisión"},
 "ActivateRequiredMsg1Paragraph1": {"value": "Para activar la compatibilidad con la transmisión, deberá instalar Twonky Channel en su reproductor de streaming Roku. Conecte el Roku a su TV, de forma que podamos guiarle por el proceso."},
 "ActivateRequiredMsg1Paragraph2": {"value": "Cuando esté listo, presione Siguiente (verá Roku Channel Store en su reproductor de streaming Roku abierto en la página de Twonky Channel)."},
 "ActivateRequiredMsg2Paragraph1": {"value": "Instale Twonky Channel desde el Channel Store de su reproductor de streaming Roku."},
 "ActivateRequiredMsg2Paragraph2": {"value": "Una vez instalado Twonky Channel en el reproductor de streaming Roku, presione Comprobar."},
 "ActivateSuccessHeading": {"value": "Activación correcta"},
 "ActivateSuccessMsg": {"value": "¡Enhorabuena! Su reproductor de streaming Roku está listo para la transmisión."},
 "ActivateIncompleteHeading": {"value": "La activación no se completó."},
 "ActivateIncompleteMsg1": {"value": "No se realizó la activación de su reproductor de streaming Roku. Su reproductor de streaming Roku debe estar activado para admitir la transmisión."},
 "ActivateIncompleteMsg2": {"value": "No se realizó la activación de su reproductor de streaming Roku. Seleccione otro dispositivo para la transmisión. Siempre puede reproducir el contenido en este dispositivo seleccionando 'Este dispositivo' como dispositivo de presentación."},
 "accesstoshares": {"value": "Conceder acceso a recursos compartidos"},
 "actions": {"value": "Acciones"},
 "adduser": {"value": "Añadir nuevo usuario"},
 "admin": {"value": "admin"},
 "allshares": {"value": "Todos"},
 "beamoradd": {"value": "Poner en cola elementos para transferencia"},
 "beamtodevice": {"value": "transferir al dispositivo seleccionado"},
 "beamtodevice2": {"value": "Transferir al dispositivo seleccionado"},
 "btnPrevious": {"value": "Anterior"},
 "cannotbeam": {"value": "No se puede transferir al dispositivo"},
 "changepassword": {"value": "Cambiar contraseña"},
 "clearqueue": {"value": "Borrar cola"},
 "closelocaldevicebox": {"value": "Cerrar"},
 "configuredevices": {"value": "Asignar usuario predeterminado a los dispositivos conectados"},
 "containerisempty": {"value": "El contenedor está vacío."},
 "defaultuser": {"value": "Usuario predeterminado"},
 "deletefromqueue": {"value": "Eliminar de la cola"},
 "deletequeue": {"value": "Eliminar cola"},
 "deleteuser": {"value": "Eliminar usuario"},
 "devicename": {"value": "Nombre del dispositivo"},
 "devicesettings": {"value": "Ajustes del dispositivo"},
 "enabledisableaggserver": {"value": "activar/desactivar servidor de agregación"},
 "enabledisabledevice": {"value": "activar/desactivar dispositivo"},
 "enabledisableshare": {"value": "activar/desactivar recurso compartido"},
 "enablemultiusersupport": {"value": "Activar multiusuario"},
 "guest": {"value": "guest"},
 "issue": {"value": "Enviar"},
 "localdevice": {"value": "Dispositivo local"},
 "loginfailed": {"value": "Error: "},
 "logintext": {"value": "Escriba sus credenciales para tener acceso al servidor: "},
 "logout": {"value": "Cerrar sesión"},
 "more": {"value": "más"},
 "multiusercaption": {"value": "Con esta función, se pueden asignar derechos de acceso individuales a usuarios domésticos e invitados y también a receptores de medios conectados, incluidos dispositivos móviles."},
 "multiuserenabledsecuretext": {"value": "Cambie la contraseña de &quot;admin&quot; en la pestaña &quot;Multiusuario&quot;."},
 "multiusersecurity": {"value": "Seguridad"},
 "multiusersupport": {"value": "Multiusuario"},
 "multiusersupportpassword": {"value": "Hay dos cuentas predefinidas, concretamente &quot;admin&quot; y &quot;guest&quot;. Solo la cuenta &quot;admin&quot; puede tener acceso a las páginas de ajustes de Twonky Server y administrar cuentas. Tenga en cuenta que esta cuenta reemplaza el nombre de usuario y la contraseña que pudiera haber creado en la pestaña &quot;Avanzado&quot;. Por definición, la cuenta &quot;admin&quot; siempre tiene acceso total a todos los recursos compartidos. Asegúrese de cambiar la contraseña de la cuenta &quot;admin&quot; siguiente en la primera configuración. La cuenta &quot;guest&quot; no está protegida por contraseña."},
 "multiusersupportsettings": {"value": "cuenta &quot;admin&quot;"},
 "multiuserusehttps": {"value": "Activar https"},
 "multiuserusehttpscaption": {"value": "Tenga en cuenta que la activación de https generará advertencias de seguridad del explorador si no tiene instalado un certificado autofirmado."},
 "musauthfailed": {"value": "Error de autenticación."},
 "musdisablemessage": {"value": "Tenga en cuenta que nombre de usuario y la contraseña de las páginas de ajustes seguirán estando vigentes después de desactivar el modo multiusuario.<br>Puede quitarlos en la pestaña &quot;Avanzado&quot;.<br><br>Ahora se reiniciará Twonky Server."},
 "mussaveerror": {"value": "Algunos de los cambios no pueden guardarse."},
 "navtreeaddview": {"value": "Guardar mi árbol"},
 "navtreebuilder": {"value": "Generador del árbol de exploración"},
 "navtreebuildercaption": {"value": "Además de los 5 árboles de exploración predefinidos que se suministran con Twonky Server, puede crear los suyos propios. Puede seleccionar cualquier combinación de los nodos de música, imagen y vídeo que se enumeran a continuación. Puede comenzar desde cero o seleccionar un árbol predefinido del lado derecho y modificarlo. Al terminar de marcar y desmarcar nodos, deberá escribir un nombre para el nuevo árbol y guardarlo. Si ya existe un árbol con ese nombre, se sobrescribirá con la nueva selección."},
 "navtreeclearall": {"value": "Desactivar todo"},
 "navtreedeleteview": {"value": "Eliminar este árbol"},
 "navtreenameerror": {"value": "Los árboles predefinidos no se pueden modificar. Seleccione otro nombre."},
 "navtreenonodeserror": {"value": "El árbol de exploración no tiene nodos. Marque un nodo por lo menos."},
 "navtreesaveas": {"value": "Nombre de mi árbol:"},
 "navtreetemplatedefault": {"value": "Árboles predefinidos"},
 "navtreetemplateuser": {"value": "Mis árboles"},
 "newpassword": {"value": "Nueva contraseña"},
 "oldpassword": {"value": "Contraseña anterior"},
 "playcontainererror": {"value": "No se pueden obtener los elementos."},
 "queueonoff": {"value": "Cola activada/desactivada"},
 "shareaggclient": {"value": "Clientes de agregación"},
 "specialcharacterinname": {"value": "En el nombre no se permiten caracteres especiales."},
 "stop": {"value": "Detener"},
 "tryotherplayer": {"value": "Intente abrir el contenido de los medios en una nueva ventana del explorador con otro reproductor."},
 "userexists": {"value": "El usuario ya existe."},
 "userlist": {"value": "Administración de usuarios"},
 "userlistcaption": {"value": "Aquí puede añadir nuevos usuarios o eliminar los ya existentes y también modificar contraseñas y derechos de acceso. También puede asignar un usuario predeterminado a un dispositivo conectado. Si no se realiza la autenticación en el dispositivo conectado, se aplicarán los derechos de acceso del usuario predeterminado."}
}