{
 "addnewfolder": {"value": "新しいフォルダの追加"},
 "add_new_user": {"value": "新しいユーザの追加"},
 "add_share": {"value": "フォルダの追加"},
 "advanced": {"value": "アドバンスト"},
 "advanceddefault": {"value": "アドバンストメディアナビゲーション"},
 "advanceddefaultcaption": {"value": "大きなライブラリーに最適"},
 "aggregate": {"value": "アグリゲート"},
 "aggregatecaption": {"value": "アグリゲートされた全てのコンテンツアイテムを、アグリゲーションサーバのナビゲーションツリーにリストします。ファイルはコピーされません。"},
 "aggregaterecommended": {"value": "常にネットワークに接続された複数のサーバを使用するユーザ向けです。"},
 "aggregation": {"value": "アグリゲーション"},
 "aggregationcaption": {"value": "アグリゲーションが有効な場合、Twonky Server は Twonky Server が実行されている他のデバイス、または Windows Media Player から情報を収集し、ネットワークで利用できる全てのメディアを 1 つの統合ビューで表示します。この機能により、特定のメディアアイテムを検索する際、サーバを切り替える必要がありません。Twonky Server は自動的に重複を非表示にします。"},
 "aggregationmode": {"value": "アグリゲーションモード"},
 "aggregationmodecaption": {"value": "新しく見つかったサーバのデフォルトモードです。"},
 "aggservers": {"value": "アグリゲーションサーバ"},
 "aggserverscaption": {"value": "以下は、ご利用のホームネットワーク上の Twonky Server のリストです。Twonky Server は他のサーバから情報を収集し、利用可能なメディアを 1 つの統合ビューに表示します。プライバシーの保護のため、デフォルトではこれらのアグリゲーションサーバは、このサーバで共有されたメディアにアクセスできません。メディアを統合ビューに表示させる場合は、以下のリストのアグリゲーションサーバへアクセス権を付与する必要があります。"},
 "album": {"value": "アルバム:"},
 "allcontenttypes": {"value": "全てのコンテンツタイプ"},
 "any": {"value": "全員"},
 "artist": {"value": "アーティスト:"},
 "availableservers": {"value": "利用可能なサーバ"},
 "availableserverscaption": {"value": "Twonky Server がアグリゲートするホームネットワーク上のサーバをリストして下さい。サーバごとにアグリゲートするメディアタイプとアグリゲーションモードを選択できます。"},
 "browse": {"value": "参照"},
 "builddate": {"value": "ビルド日"},
 "byfolder": {"value": "フォルダ"},
 "byfoldercaption": {"value": "自身のフォルダ構成を使用"},
 "cachemem": {"value": "キャッシュメモリ"},
 "cancel": {"value": "キャンセル"},
 "cdkey": {"value": "登録キー"},
 "clearcache": {"value": "キャッシュのクリア"},
 "clearlogfile": {"value": "ログファイルのクリア"},
 "clientreset": {"value": "クライアントのリストを更新しています。お待ち下さい。"},
 "compilationcaption": {"value": "ミュージックコンピレーションとして扱うフォルダをリストして下さい。複数のフォルダは、コンマで区切って指定します。"},
 "compilationdirs": {"value": "コンピレーションフォルダ"},
 "connect": {"value": "フォローする"},
 "connectionissue": {"value": "サーバを使用するには常にインターネットに接続した状態にして下さい。"},
 "copyright": {"value": "&copy; 2004-2014 PacketVideo Corporation. 無断での引用、転載を禁じます。"},
 "days": {"value": "日"},
 "daysremaining": {"value": "日間でトライアル版が終了します。"},
 "delete": {"value": "削除"},
 "detailedstatus": {"value": "詳細ステータス"},
 "dialog_admin_acc_could_not_update": {"value": "管理者アカウントは更新できませんでした。"},
 "dialog_delete_user": {"value": "&quot;{0}&quot; を削除すると、&quot;{1}&quot; に関連付けられたフォルダへの匿名アクセスが設定されます。これを承認すると、これらのフォルダの同期に承認が不要になります。"},
 "dialog_enter_alias_name": {"value": "エイリアス名を入力して下さい。"},
 "dialog_enter_share_dir": {"value": "ディレクトリーを入力して下さい。"},
 "dialog_enter_valid_pw": {"value": "有効なパスワードを入力して下さい。"},
 "dialog_enter_valid_un": {"value": "有効なユーザ名を入力して下さい。"},
 "dialog_failed_delete_share": {"value": "共有の削除に失敗しました。"},
 "dialog_failed_to_rem_usr_rights": {"value": "ユーザ権限の削除に失敗しました。"},
 "dialog_invalid_share_name_1": {"value": "無効な短い名前です。短い名前は 1 つの単語でなけれなならず、単語間に複数の &rsquo;{0}&rsquo; は含められません。"},
 "dialog_invalid_share_name_2": {"value": "無効な短い名前です。短い名前は 1 つの単語でなけれなならず、&rsquo;{0}&rsquo; は含められません。"},
 "dialog_invalid_share_path": {"value": "無効なパスです。"},
 "dialog_portaldisassociatefree": {"value": "Twonky アカウントからこのサーバへの接続を解除すると、サーバの機能が無効になります。</br></br>本当に接続解除してよろしいですか?"},
 "dialog_portaldisassociatepremium": {"value": "Twonky アカウントからこのサーバへの接続を解除すると、サーバから一部の機能が削除されます。</br></br>本当に接続解除を外してよろしいですか?"},
 "dialog_reserve_user_name": {"value": "&quot;{0}&quot; はユーザ名として使用できません。"},
 "dialog_server_req_failed": {"value": "Twonky Server から情報を復元できませんでした。"},
 "dialog_share_added_success": {"value": "フォルダは正常に追加されました。"},
 "dialog_user_add_success": {"value": "ユーザは正常に追加されました。"},
 "discardchanges": {"value": "変更の破棄"},
 "enable": {"value": "有効化"},
 "enableaggregation": {"value": "アグリゲーション有効"},
 "enablelogging": {"value": "ログ有効"},
 "enablesharing": {"value": "新しいメディアレシーバを自動的に共有"},
 "enter": {"value": "入力"},
 "enter_valid_pw": {"value": "有効なパスワードを入力して下さい"},
 "enter_valid_un": {"value": "有効なユーザ名を入力して下さい"},
 "facebook": {"value": "Facebook"},
 "faqs": {"value": "FAQ"},
 "filesize": {"value": "ファイルサイズ:"},
 "format": {"value": "フォーマット:"},
 "freeserver": {"value": "Twonky"},
 "friendlyname": {"value": "フレンドリーな名前"},
 "genre": {"value": "ジャンル:"},
 "gethelp": {"value": "ヘルプ"},
 "helpCenter": {"value": "ヘルプセンター"},
 "here": {"value": ": "},
 "hide": {"value": "非表示"},
 "hours": {"value": "時間"},
 "ignore": {"value": "無視する"},
 "ignorecaption": {"value": "新しく見つかったサーバに対して何も行いません。"},
 "ignorerecommended": {"value": "ネットワークの各サーバで異なる設定を定義したいユーザ向けです。"},
 "ignoresharedfolders": {"value": "スキャンされないディレクトリ"},
 "ignoresharedfolderscaption": {"value": "コンテンツスキャンの際にスキャンしないディレクトリを指定できます。複数の場合は、コンマで区切って指定します。"},
 "inminutes": {"value": "分"},
 "ip": {"value": "IP"},
 "ipodlike": {"value": "iPod 風"},
 "ipodlikecaption": {"value": "iPod 構成を好むユーザ向けです"},
 "language": {"value": "言語"},
 "languagecaption": {"value": "設定およびナビゲーションツリーに使用されます"},
 "lastdbchange": {"value": "最終更新日"},
 "license-201": {"value": "無効なキーです。"},
 "license-202": {"value": "TwonkeyMusic のライセンスでは Twonky Server は登録できません。"},
 "license-203": {"value": "キーはこのサーバのバージョンでは無効です。"},
 "license-204": {"value": "キーはこのサーバのバージョンでは無効です。"},
 "license-205": {"value": "このキーは既に他のサーバインスタンスで使用されています。"},
 "license-206": {"value": "トライアル期間が終了しました。ライセンスキーを既に入力している場合は、Twonky Server を実行するデバイスを再起動して下さい。"},
 "license1": {"value": "Trial バージョン"},
 "license2": {"value": "Twonky Server バージョン"},
 "license3": {"value": "Twonky Server および TwonkyManager Lite バージョン"},
 "license4": {"value": "Twonky Server および TwonkyManager Full バージョン"},
 "licenseinfo": {"value": "ライセンス情報"},
 "licensekey": {"value": "ライセンスキー"},
 "licensekeycaption": {"value": "このソフトウェアをアクティベートするライセンスキーを入力して下さい。ライセンスキーは、www.twonky.com から入手できます。"},
 "licensinginfo": {"value": "ライセンス付与情報"},
 "local_folder": {"value": "ローカルフォルダ"},
 "local_syncfolder_desc": {"value": "<b>ローカルフォルダ:</b>  このマシンのフォルダの場所を入力して下さい。例: &quot;c:\\videos&quot;。"},
 "loggedinas": {"value": "ログイン: "},
 "logging": {"value": "ログ記録中"},
 "login": {"value": "ログイン"},
 "loginneededcaption": {"value": "Twonky のアカウントがアクティベートされましたが、ログインしていません。"},
 "mac": {"value": "MAC"},
 "mediareceivers": {"value": "メディアレシーバ"},
 "minutes": {"value": "分"},
 "mirror": {"value": "自動コピー"},
 "mirrorcaption": {"value": "他のサーバのコンテンツをコピーし、このデバイスに保存します。これにより、他のサーバがネットワークで利用できなくても、これらのメディアファイルは利用可能です。"},
 "mirrorrecommended": {"value": "ラップトップや携帯端末など、一時的にネットワークから外れるサーバを使用するユーザ向けです。このオプションにより、Twonky Mobile ユーザは Apple/Android デバイスからホームサーバへ写真、ビデオ、楽曲を自動でコピーできます。"},
 "mobile": {"value": "モバイル"},
 "mobileApps": {"value": "モバイルアプリ"},
 "mobilecaption": {"value": "携帯端末に最適"},
 "mpeglicense": {"value": "Fraunhofer IIS 社および Thomson 社からライセンス提供された MPEG Layer-3 オーディオコーディングテクノロジーです。"},
 "music": {"value": "ミュージック"},
 "myexperience": {"value": "マイエクスペリエンスの向上"},
 "myexperience_desc": {"value": "Twonky 製品がその使用状況とデバイスに関する情報を自動送信するように設定して頂くことで、お客様のエクスペリエンス向上につながります。送信されるデータには、お客様や再生されたメディアを特定する情報は含まれていません。PacketVideo がこの情報を他の企業と共有することはありません。この情報は、PacketVideo によって製品向上のために集計した形でのみ使用されます。<br><br>カスタマ・エクスペリエンス・フィードバックへの参加は任意です。いつでも参加または参加の取り消しをすることができます。"},
 "mylibrary": {"value": "マイ ライブラリ"},
 "mytwonky.com": {"value": "Twonky.com"},
 "mytwonkyaccount": {"value": "Twonky アカウント"},
 "navtree": {"value": "ナビゲーションツリー"},
 "navtreecaption": {"value": "次の設定は、全ての新しいメディアレシーバのデフォルトとして使用されます。各メディアレシーバの個々の値は、「共有」 - 「メディアレシーバ」で設定できます。"},
 "navtype": {"value": "ナビゲーションタイプ"},
 "networkinterfaces": {"value": "ネットワークインターフェース"},
 "nicrestart": {"value": "NIC 変更時の再起動"},
 "nicrestartcaption": {"value": "NIC の変更に伴い自動的にサーバを再起動するかどうか選択できます。サーバの再起動によりストリーミングが中断されます。"},
 "no": {"value": "いいえ"},
 "nomusic": {"value": "表示するミュージックがありません。"},
 "nophotos": {"value": "表示するフォトがありません。"},
 "notchanged": {"value": "一部の変更が保存できませんでした。"},
 "novideos": {"value": "表示するビデオがありません。"},
 "no_syncfolders": {"value": "このサーバの同期するフォルダが選択されていません。以下のフォルダを選択できます。"},
 "no_user_added": {"value": "同期するためのユーザアカウントが作成されていません。以下の &quot;新しいユーザの追加&quot; ボタンをクリックして作成できます。"},
 "of": {"value": "/"},
 "ok": {"value": "OK"},
 "onlineservices": {"value":"オンラインサービス"},
 "onlinesvcsunavailable": {"value": "オンラインサービスは現在ご利用になれません。後ほどお試しください。"},
 "parentdir": {"value": "親フォルダ"},
 "password": {"value": "パスワード"},
 "photo": {"value": "フォト"},
 "photos": {"value": "フォト"},
 "play": {"value": "再生"},
 "playbackbeamreportingcaption": {"value": "マイエクスペリエンスの向上のために Twonky プライバシー・ポリシーに基づいて、Twonky Server の情報を共有します (Twonky Data Collection Policy)。"},
 "pleaselogin": {"value": "myTwonkyご覧ください。"},
 "portalconnecting": {"value": "ステータスを確認しています..."},
 "portaldisabled": {"value": "無効なポータル"},
 "portaldisassociate": {"value": "このアカウントを接続解除する"},
 "premiumserver": {"value": "Twonky Server Premium"},
 "receivertype": {"value": "メディアレシーバタイプ"},
 "recommendedfor": {"value": "推奨: "},
 "registerserver": {"value": "サーバの登録"},
 "registrationoptional": {"value": "自身のサーバの登録"},
 "registrationoptionalcaption": {"value": "Twonky Server はインストールされましたが、オンラインサービス に接続されていません。登録すると、より多くの機能を利用できます。"},
 "registrationrequired": {"value": "登録が必要です"},
 "registrationrequiredcaption": {"value": "Twonky Server はインストールされましたが、アクティベートされていません。Twonky Server をアクティベートするには、myTwonky.com にログインするか登録して下さい。登録をしない場合、サーバは機能しません。"},
 "reload_config": {"value": "リロードコンフィギュレーション"},
 "reload_failed": {"value": "リロードできません。後で再試行して下さい。"},
 "removablemedia": {"value": "リムーバブルメディア"},
 "removablemediacaption": {"value": "この機能を有効にすると、Twonky Server はリムーバブルメディアデバイス (USB メモリスティックなど) の全てのメディアファイルを自動的に共有します。デバイスのプラグを外すと、メディアファイルはサーバに表示されなくなります。"},
 "renewlicense": {"value": "ライセンスをリニューアルするには、{0} 時間 {1} 分以内に myTwonky.com にアクセスする必要があります。"},
 "renewlicenseindays": {"value": "{0} 日以内に myTwonky.com にアクセスし、ライセンスを更新して下さい。"},
 "rescancaption": {"value": "コンテンツディレクトリの再スキャン間隔を分単位で指定できます。自動再スキャンを無効にするには&rsquo;0&rsquo;を指定して下さい。-1 に設定すると、サーバは自動的にコンテンツのフォルダアップデートを監視するため、コンテンツの再スキャンは必要ありません。"},
 "rescancontent": {"value": "コンテンツフォルダの再スキャン"},
 "rescaninterval": {"value": "再スキャンの間隔"},
 "resetdefaults": {"value": "デフォルトへリセット"},
 "resetlist": {"value": "リストをリセット"},
 "resetprompt": {"value": "全ての設定をデフォルトにリセットしますか? この操作はやり直しできません。"},
 "restartpending": {"value": "サーバの再起動保留"},
 "restartprompt": {"value": "一部の変更内容は、サーバの再起動後に反映されます。<br /><br />今すぐ再起動しますか?"},
 "restartserver": {"value": "サーバを再起動"},
 "rights": {"value": "権限"},
 "rights_desc": {"value": "<b>権限:</b>  フォルダのアクセス権を設定できます。読み取りと書き込みを選択するか、読み取り専用を選択して下さい。"},
 "rmautoshare": {"value": "リムーバブルメディアの自動共有"},
 "savechanges": {"value": "変更を保存"},
 "saveprompt": {"value": "変更内容が保存されていません。変更を保存しますか? それとも破棄しますか?"},
 "seconds": {"value": "秒"},
 "securedcaption": {"value": "ユーザ名とパスワードを使用して、Twonky Server 設定ページおよび同期へのアクセスをセキュアにできます。"},
 "securedserversettings": {"value": "セキュアサーバ設定"},
 "select": {"value": "選択"},
 "selectfolder": {"value": "共有するフォルダを選択"},
 "selectsyncfolder": {"value": "同期するフォルダを選択して下さい。"},
 "servermaintenance": {"value": "サーバ管理"},
 "servername": {"value": "サーバ名"},
 "servernamecaption": {"value": "メディアプレーヤーでサーバ名が正しく表示されるように、次の文字のみ使用してください: アルファベット、数字、スペース、ピリオド、コンマ。"},
 "serverrestarting": {"value": "サーバを再起動しています。お待ち下さい。"},
 "serversettings": {"value": "サーバ設定"},
 "server_build_date": {"value": "ビルド日"},
 "settings": {"value": "設定"},
 "setup": {"value": "セットアップ"},
 "sharedfolders": {"value": "共有フォルダ"},
 "sharedfolderscaption": {"value": "以下のフォルダのメディアは、ネットワーク上の他のデバイスからご利用になれます。各フォルダで共有するメディアタイプを制限できます。左のチェックボックスをオフにすると、フォルダにあるメディアへのアクセスが無効になります。<br/><br/>ネットワーク上の別のサーバで、全てのサーバのメディアを 1 つに表示するように設定している場合、右のチェックボックスをオンにすると、フォルダのメディアがアグリゲーション機能に利用できるようになります。この機能の詳細は、「アグリゲーション」メニューをご覧下さい。"},
 "shareforagg": {"value": "アグリゲーションで利用可能"},
 "sharing": {"value": "共有"},
 "sharingCaption": {"value": "ローカルネットワークで共有するメディアを定義します。"},
 "show": {"value": "表示"},
 "simpledefault": {"value": "クラシックメディアナビゲーション"},
 "simpledefaultcaption": {"value": "小さなライブラリー用"},
 "songs": {"value": "楽曲"},
 "status": {"value": "ステータス"},
 "status_desc": {"value": "Twonky では、Twonky アプリケーションを実行するデバイス間のコンテンツをワイアレスで同期することができます。この機能を搭載する各 Twonky アプリケーションで同期の設定を行って下さい。このページでは、このデバイスで同期するフォルダを設定できます。設定を完了するには、Twonky Mobile などの他のアプリケーションで同期を設定する必要があります。詳細は、各アプリケーションの手順を参照して下さい。<br/><br/>デフォルトでは、ユーザのデフォルトミュージック、ピクチャ、ビデオフォルダの \\Twonky\\Sync サブフォルダにある全てのメディアが自動的に同期対象に設定されます。<br/><br/>以下の同期設定をカスタマイズすることが可能です。"},
 "syncfolders": {"value": "同期するフォルダ"},
 "syncfolder_desc": {"value": "同期の対象とするフォルダのコンテンツを選択して下さい。"},
 "syncfolder_name": {"value": "短い名前"},
 "syncfolder_name_desc": {"value": "<b>短い名前:</b>  同期アプリケーションからこのフォルダのコンテンツを見つけるための名前です。例: &quot;マイ ビデオ&quot;。"},
 "syncfolder_new_share_info": {"value": "同期する新しいフォルダの情報を入力して下さい:"},
 "synchronization": {"value": "同期"},
 "syncurl": {"value": "同期サーバ URL"},
 "twitter": {"value": "Twitter"},
 "Twonky Server": {"value": "Twonky Server"},
 "Twonky Servertextpart2": {"value": "Special"},
 "twonky.com": {"value": "Twonky.com"},
 "twonkyforums": {"value": "Twonky フォーラム"},
 "update": {"value": "更新"},
 "uptime": {"value": "サーバ動作時間"},
 "username": {"value": "ユーザ名"},
 "users": {"value": "ユーザ"},
 "users_desc": {"value": " ユーザアカウントは同期するフォルダへのアクセスを制御するために使用されます。これらのフォルダへのアクセスをアプリケーションに許可するには、ユーザ名とパスワードを入力する必要があります。セキュリティ問題の懸念がなければ、これらのフォルダに匿名アクセスを設定することができます。これにより、ユーザ名とパスワードを入力する必要がありません。"},
 "users_subdesc": {"value": "ユーザアカウントを作成したり、削除することができます。既存のユーザを削除するには、リストからユーザを選択して &quot;削除&quot; をクリックします。新しいユーザアカウントを作成するには、&quot;新しいユーザの追加&quot; ボタンをクリックして、ユーザ名とパスワードを入力します。"},
 "user_name_desc": {"value": "<b>ユーザ名:</b>  ユーザアカウントを 1 つ入力して、コンテンツへのセキュアなアクセスのためにユーザ名とパスワードを要求することができます。ユーザ名/パスワードの入力を求めずにオープンなアクセスにする場合は、ユーザリストから &quot;全員&quot; を選択します。"},
 "version": {"value": "バージョン:"},
 "video": {"value": "ビデオ"},
 "videos": {"value": "ビデオ"},
 "view": {"value": "表示"},
 "viewlogfile": {"value": "ログファイルの表示"},
 "visit": {"value": "Web サイト"},
 "wmdrmstatus": {"value": "Windows Media DRM ステータス"},
 "year": {"value": "年:"},
 "yes": {"value": "はい"},
 "youtube": {"value": "YouTube"},
 "btnCancel": {"value": "キャンセル"},
 "btnOk": {"value": "OK"},
 "btnDone": {"value": "完了"},
 "btnRetry": {"value": "再試行"},
 "btnVerify": {"value": "確認"},
 "btnNext": {"value": "次へ"},
 "ActivateRequiredHeading": {"value": "RokuでBeamのアクティベーションを行う"},
 "ActivateRequiredMsg1Paragraph1": {"value": "Beamサポートを有効にするには、RokuストリーミングプレーヤーでTwonky Channelをインストールする必要があります。手順を確認しながら実際に操作できるように、テレビでRokuを起動してください。 "},
 "ActivateRequiredMsg1Paragraph2": {"value": "開始する準備ができたら [次へ] を押します。RokuストリーミングプレーヤーにRoku Channel StoreのTwonky Channelページが表示されます。"},
 "ActivateRequiredMsg2Paragraph1": {"value": "RokuストリーミングプレーヤーでChannel StoreからTwonky Channelをインストールしてください。"},
 "ActivateRequiredMsg2Paragraph2": {"value": "Twonky Channelがインストールされたら、[確認] を押します。"},
 "ActivateSuccessHeading": {"value": "アクティベーションが完了しました"},
 "ActivateSuccessMsg": {"value": "RokuストリーミングプレーヤーでBeamを利用できるようになりました。"},
 "ActivateIncompleteHeading": {"value": "アクティベーションを完了できませんでした"},
 "ActivateIncompleteMsg1": {"value": "Rokuストリーミングプレーヤーをアクティベーションできませんでした。Beamを有効にするには、Rokuストリーミングプレーヤーのアクティベーションが必要です。"},
 "ActivateIncompleteMsg2": {"value": "Rokuストリーミングプレーヤーをアクティベーションできませんでした。Beamを行う他のデバイスを選択してください。'このデバイス' を表示デバイスとして選択することで、このデバイス上のコンテンツを再>生することもできます。"},
 "accesstoshares": {"value": "共有へのアクセス権を付与"},
 "actions": {"value": "操作"},
 "adduser": {"value": "新しいユーザの追加"},
 "admin": {"value": "admin"},
 "allshares": {"value": "すべて"},
 "beamoradd": {"value": "アイテムを Beam キューに入れる"},
 "beamtodevice": {"value": "選択したデバイスへ Beam"},
 "beamtodevice2": {"value": "選択したデバイスへ Beam"},
 "btnPrevious": {"value": "前へ"},
 "cannotbeam": {"value": "デバイスへ Beam できません"},
 "changepassword": {"value": "パスワードの変更"},
 "clearqueue": {"value": "キューを空にする"},
 "closelocaldevicebox": {"value": "ローカルデバイスボックスを閉じてください。"},
 "configuredevices": {"value": "接続されたデバイスにデフォルトユーザを割り当てる"},
 "containerisempty": {"value": "コンテナが空です。"},
 "defaultuser": {"value": "デフォルトユーザ"},
 "deletefromqueue": {"value": "キューから削除"},
 "deletequeue": {"value": "キューを削除"},
 "deleteuser": {"value": "ユーザを削除"},
 "devicename": {"value": "デバイス名"},
 "devicesettings": {"value": "デバイス設定"},
 "enabledisableaggserver": {"value": "アグリゲーションサーバを有効/無効にする"},
 "enabledisabledevice": {"value": "デバイスを有効/無効にする"},
 "enabledisableshare": {"value": "共有を有効/無効にする"},
 "enablemultiusersupport": {"value": "マルチユーザを有効にする"},
 "guest": {"value": "guest"},
 "issue": {"value": "問題"},
 "localdevice": {"value": "ローカルデバイス"},
 "loginfailed": {"value": "エラー:"},
 "logintext": {"value": "サーバへのアクセスに使用する資格情報を入力してください:"},
 "logout": {"value": "ログアウト"},
 "more": {"value": "その他"},
 "multiusercaption": {"value": "この機能を使用すると、個々のアクセス権をホームユーザや guest だけでなく、モバイルデバイスなどの接続されたメディアレシーバにも割り当てることができます。"},
 "multiuserenabledsecuretext": {"value": "&quot;マルチユーザ&quot; タブで &quot;admin&quot; パスワードを変更してください。"},
 "multiusersecurity": {"value": "セキュリティ"},
 "multiusersupport": {"value": "マルチユーザ"},
 "multiusersupportpassword": {"value": "&quot;admin&quot; および &quot;guest&quot; という 2 つのアカウントが事前に定義されています。&quot;admin&quot; アカウントのみが Twonky Server 設定ページにアクセスし、アカウントを管理できます。このアカウントは、&quot;アドバンスト&quot; タブで作成したユーザ名およびパスワードより優先されます。定義により、&quot;admin&quot; アカウントには、常にすべての共有への完全なアクセス権が付与されています。初回設定時に、必ずここで &quot;admin&quot; アカウントのパスワードを変更してください。&quot;guest&quot; アカウントは、パスワードで保護されていません。"},
 "multiusersupportsettings": {"value": "&quot;admin&quot; アカウント"},
 "multiuserusehttps": {"value": "https を有効にする"},
 "multiuserusehttpscaption": {"value": "自己署名証明書がインストールされていない場合に https を有効にすると、ブラウザセキュリティ警告が表示されます。"},
 "musauthfailed": {"value": "承認に失敗しました。"},
 "musdisablemessage": {"value": "マルチユーザモードを無効にした後も、設定ページのユーザ名およびパスワードは引き続き有効です。<br>これらは &quot;アドバンスト&quot; タブで削除することができます。<br><br>Twonky Server は今から再起動します。"},
 "mussaveerror": {"value": "一部の変更が保存されていない可能性があります。"},
 "navtreeaddview": {"value": "マイツリーを保存"},
 "navtreebuilder": {"value": "ナビゲーションツリービルダ"},
 "navtreebuildercaption": {"value": "Twonky Server に事前に定義されている 5 つのナビゲーションツリーに加えて、独自のナビゲーションツリーを作成できます。以下にリストされたミュージック、ピクチャ、およびビデオノードを自由に組み合わせて選択できます。最初から作成するか、事前に定義された右側のツリーを選択して変更することができます。ノードの選択/選択解除を終えたら、新しいツリーに名前を入力して保存する必要があります。同じ名前のツリーが既に存在している場合は、新しい選択項目によって上書きされます。"},
 "navtreeclearall": {"value": "すべてを無効にする"},
 "navtreedeleteview": {"value": "このツリーを削除"},
 "navtreenameerror": {"value": "事前に定義されたツリーは変更できません。別の名前を選択してください。"},
 "navtreenonodeserror": {"value": "ナビゲーションツリーにノードがありません。少なくとも 1 つのノードを選択してください。"},
 "navtreesaveas": {"value": "マイツリーの名前:"},
 "navtreetemplatedefault": {"value": "事前に定義されたツリー"},
 "navtreetemplateuser": {"value": "マイツリー"},
 "newpassword": {"value": "新しいパスワード"},
 "oldpassword": {"value": "古いパスワード"},
 "playcontainererror": {"value": "アイテムを取得できません。"},
 "queueonoff": {"value": "キューをオン/オフにする"},
 "shareaggclient": {"value": "アグリゲーションクライアント"},
 "specialcharacterinname": {"value": "名前に特殊文字は使用できません。"},
 "stop": {"value": "停止"},
 "tryotherplayer": {"value": "別のプレーヤーを使用してメディアコンテンツを新しいブラウザウィンドウで開いてみてください。"},
 "userexists": {"value": "ユーザは既に存在しています。"},
 "userlist": {"value": "ユーザ管理"},
 "userlistcaption": {"value": "ここでは、新しいユーザを追加したり、既存のユーザを削除したりできるほか、パスワードおよびアクセス権を変更できます。接続されたデバイスにデフォルトユーザを割り当てることもできます。接続されたデバイスで承認が行われない場合は、デフォルトユーザのアクセス権が適用されます。"}
}