<Client>
	<DeviceId>
		<DisplayName>Marantz</DisplayName>
		<DeviceDescriptionRecognition BoolOp="OR">
			<DescriptionText>MARANTZ</DescriptionText>
			<DescriptionText>Marantz</DescriptionText>
		</DeviceDescriptionRecognition>
		<MappingUpdatePolicy>FIX</MappingUpdatePolicy>
	</DeviceId>
	<Adaptations>
		<DLNA>
			<Version>DLNA15</Version>
		</DLNA>
		<MimeTranslations>
			<MimeTypeMapping>
				<In>audio/x-wav</In>
				<Out>audio/wav</Out>
			</MimeTypeMapping>
		</MimeTranslations>
	</Adaptations>
	<DeviceQuirks>
		<Quirk>FORCE_4TH_FIELD</Quirk>
	</DeviceQuirks>
</Client>