<Client>
	<DeviceId>
		<DisplayName>Netgear Digital Entertainer 9000 Series</DisplayName>
		<DeviceDescriptionRecognition>
			<DescriptionText>Digital Entertainer Elite</DescriptionText>
		</DeviceDescriptionRecognition>
		<MappingUpdatePolicy>FIX</MappingUpdatePolicy>
	</DeviceId>
	<Adaptations>
		<DLNA>
			<Version>DLNA10</Version>
			<DescriptionFile>devicedescription-playon.xml</DescriptionFile>
		</DLNA>
		<MimeTranslations>
			<MimeTypeMapping>
				<In>video/x-matroska</In>
				<Out>video/mpeg</Out>
			</MimeTypeMapping>
			<MimeTypeMapping>
				<In>video/mpeg2</In>
				<Out>video/mpeg</Out>
			</MimeTypeMapping>
			<MimeTypeMapping>
				<In>video/mp4</In>
				<Out>video/mpeg</Out>
			</MimeTypeMapping>
			<MimeTypeMapping>
				<In>audio/mp4</In>
				<Out>audio/mpeg</Out>
			</MimeTypeMapping>
		</MimeTranslations>
	</Adaptations>
</Client>
