<Client>
	<DeviceId>
		<DisplayName>HP MediaSmart TV</DisplayName>
		<DeviceDescriptionRecognition>
			<DescriptionText>MediaSmart</DescriptionText>
		</DeviceDescriptionRecognition>
		<MappingUpdatePolicy>FIX</MappingUpdatePolicy>
	</DeviceId>
	<Adaptations>
		<DLNA>
			<Version>DLNA15</Version>
		</DLNA>
		<HTTP>
			<HttpSetting>chunked</HttpSetting>
		</HTTP>
		<MimeTranslations>
			<MimeTypeMapping>
				<In>audio/x-wav</In>
				<Out>audio/wav</Out>
			</MimeTypeMapping>
		</MimeTranslations>
	</Adaptations>
</Client>
