<Client>
	<DeviceId>
		<DisplayName>Syabas Firmware based</DisplayName>
		<HttpRecognition>
			<HttpText>Syabas</HttpText>
		</HttpRecognition>
		<MappingUpdatePolicy>FIX</MappingUpdatePolicy>
	</DeviceId>
	<Capabilities>
		<Scaling>
			<Target>JPEG1920x1080</Target>
		</Scaling>
		<AudioTranscoding>
			<Target>MP3</Target>
			<Target>WAV</Target>
		</AudioTranscoding>
		<VideoTranscoding>
			<Target>WMV</Target>
		</VideoTranscoding>
	</Capabilities>
	<Adaptations>
		<DLNA>
			<Version>DLNANO</Version>
		</DLNA>
		<MimeTranslations>
			<MimeTypeMapping>
				<In>audio/x-aiff</In>
				<Out>audio/aiff</Out>
			</MimeTypeMapping>
			<MimeTypeMapping>
				<In>video/x-msvideo</In>
				<Out>video/avi</Out>
			</MimeTypeMapping>
			<MimeTypeMapping>
				<In>audio/x-flac</In>
				<Out>audio/flac</Out>
			</MimeTypeMapping>
			<MimeTypeMapping>
				<In>audio/L16</In>
				<Out>audio/lpcm</Out>
			</MimeTypeMapping>
			<MimeTypeMapping>
				<In>video/mp4</In>
				<Out>video/MP4V-ES</Out>
			</MimeTypeMapping>
			<MimeTypeMapping>
				<In>audio/mp1</In>
				<Out>audio/mpeg</Out>
			</MimeTypeMapping>
			<MimeTypeMapping>
				<In>audio/x-mpeg</In>
				<Out>audio/mpeg</Out>
			</MimeTypeMapping>
			<MimeTypeMapping>
				<In>application/ogg</In>
				<Out>audio/x-ogg</Out>
			</MimeTypeMapping>
			<MimeTypeMapping>
				<In>video/mpeg2</In>
				<Out>video/mpeg</Out>
			</MimeTypeMapping>
			<MimeTypeMapping>
				<In>audio/x-wav</In>
				<Out>audio/wav</Out>
			</MimeTypeMapping>
		</MimeTranslations>
	</Adaptations>
	<DeviceQuirks>
		<Quirk>IGNORESORT</Quirk>
	</DeviceQuirks>
</Client>
