<Client>
	<DeviceId>
		<DisplayName>UPC</DisplayName>
		<HttpRecognition>
			<HttpText>NDS_MHF</HttpText>
		</HttpRecognition>
		<MappingUpdatePolicy>FIX</MappingUpdatePolicy>
	</DeviceId>
	<Capabilities>
		<Scaling>
			<Target>JPEG160x160</Target>
			<Target>JPEGORG</Target>
		</Scaling>
		<SupportedMediaProfiles>
			<Profile>AASCALE#JPEG320x320</Profile>
		</SupportedMediaProfiles>	
	</Capabilities>
	<Adaptations>
		<DLNA>
			<Version>DLNA15</Version>
		</DLNA>
		<MimeTranslations>
			<MimeTypeMapping>
				<In>video/mpeg2</In>
				<Out>video/mpeg</Out>
			</MimeTypeMapping>
			<MimeTypeSuppress>video/3gpp</MimeTypeSuppress>
		</MimeTranslations>
		<ProfileTranslations>
			<ProfileMapping>
				<In>MPEG_PS_NTSC</In>
				<Out>MPEG_PS_PAL</Out>
			</ProfileMapping>
			<ProfileMapping>
				<In>AVC_TS_HP_HD_AC3_ISO</In>
				<Out>MPEG_PS_PAL</Out>
			</ProfileMapping>
			<ProfileMapping>
				<In>AVC_TS_HD_60_AC3_ISO</In>
				<Out>MPEG_PS_PAL</Out>
			</ProfileMapping>
			<ProfileMapping>
				<In>AVI</In>
				<Out>*</Out>
			</ProfileMapping>
			<ProfileMapping>
				<In>MKV</In>
				<Out>*</Out>
			</ProfileMapping>
			<ProfileMapping>
				<In>PV_DIVX_DIVX</In>
				<Out>AVI</Out>
			</ProfileMapping>
			<ProfileMapping>
				<In>PV_DIVX_DIV3</In>
				<Out>AVI</Out>
			</ProfileMapping>
			<ProfileMapping>
				<In>PV_DIVX_DIV4</In>
				<Out>AVI</Out>
			</ProfileMapping>
			<ProfileMapping>
				<In>PV_DIVX_DX50</In>
				<Out>AVI</Out>
			</ProfileMapping>
		</ProfileTranslations>
	</Adaptations>
	<DeviceQuirks>
		<Quirk>NO_MYTWONKY</Quirk>
		<Quirk>FORCE_4TH_FIELD</Quirk>
	</DeviceQuirks>
</Client>
